Tapeats 1,1 Sigma,Tapeats 2,1 Sigma,Lower Bright Angel,1 Sigma,Bright Angel,1 Sigma,Upper Bright Angel,1 Sigma,Temple Butte 1,1 Sigma,Temple Butte 3,1 Sigma,Surprise Canyon Conglomerate,1 Sigma,Surprise Canyon 06GC149,1 Sigma,Surprise Canyon 2,1 Sigma,Watahomigi,1 Sigma,Manacacha 1,1 Sigma,Basal Wescogame 06GC147,1 Sigma,Esplanade,1 Sigma,Esplanade 06GC156,1 Sigma,Esplanade 06GC155,1 Sigma,Lower Hermit,1 Sigma,Hermit,1 Sigma,Upper Hermit,1 Sigma,Coconino 1,1 Sigma,Coconino 2,1 Sigma,Toroweap 1,1 Sigma,Toroweap 2,1 Sigma,Kaibab,1 Sigma,Kaibab 2,1 Sigma
1453.252899,51.58084341,1677.816409,44.0350817,1704.764908,10.08106507,1662.541509,16.1040237,847.8286689,32.55030177,1658.583222,53.38626999,1362.508698,46.88819112,434.4398368,23.19002735,1419.617191,14.10607217,478.9574258,15.53971583,2756.495002,21.96771144,1813.219515,24.34709291,1831.465193,35.0160504,2741.59941,26.32765252,382.8231998,3.716778958,1041.390848,50.4792852,1803.409133,11.5699185,1133.950552,30.14897515,983.5858624,45.56276419,1083.036644,25.43130704,1496.80044,26.54772423,304.4430713,10.73155819,369.9842358,6.076691157,1461.191788,19.2741056,1066.846398,12.15836835
1006.213018,71.85128874,1666.083141,32.12352161,1754.778563,23.87708124,1779.712934,13.70897116,1459.735753,27.11800111,1815.803231,70.61790302,1703.922894,29.10587812,1315.169792,45.4650939,1645.266703,23.01379559,1880.632648,12.30131777,451.6615181,6.063216201,1626.90372,40.59488329,2237.618665,37.86852352,434.0080333,4.197206256,1409.055686,21.15738481,1677.79329,59.87075646,1810.953734,8.945652996,2688.608024,5.704083942,1369.315777,98.8395357,1212.401836,16.97686035,1063.864432,49.96508694,1279.913636,67.04616168,1043.017114,90.97660234,345.3336607,22.02425876,1462.346214,36.656818
1488.165715,34.11129988,1720.299948,47.81933938,1714.871049,37.4207878,1712.115889,18.97461288,2651.291504,17.60166616,1743.053897,56.09924775,1362.850059,34.13476408,1206.816049,21.19022856,1740.697985,31.30399537,1071.591084,26.28181585,2701.037497,18.53429442,1093.813848,41.10633845,1264.857155,48.84882,1874.780253,45.47568979,976.9789335,78.5039368,1637.842982,21.1760099,627.3662281,7.35849315,1708.719997,10.93391389,1337.193877,33.20633839,1435.264479,60.27003115,979.9148067,38.64274334,1774.511077,13.36389887,417.4280584,16.41056134,407.3450904,3.671103092,1631.564503,15.18888477
1728.432479,43.50994794,1442.461459,48.46824331,1454.177454,12.03886218,1664.250393,11.98780559,1021.332399,43.74507677,1496.050635,63.43771068,1712.872517,81.11648357,1060.499531,50.24661546,1775.427438,12.15632483,1186.722951,40.7367352,1820.716362,35.78841819,1475.261993,51.16381024,1994.685262,40.1002431,1656.284752,32.05174953,1106.214529,64.59629294,1668.923073,32.00585152,1633.33505,28.22245406,1745.255022,9.79779152,1198.816631,27.87812881,1506.357118,14.84502414,1421.782736,35.93187931,1132.43226,31.49339632,1779.813564,24.09831968,1203.665364,27.32033378,1223.290732,20.13587742
1479.634417,44.75154631,1203.709907,54.11042839,1762.319888,12.88525533,1459.913096,21.08860952,1866.548001,10.12171919,1457.020243,41.08447712,1701.511763,29.84785871,1358.184205,17.47139619,1995.35796,14.24309835,2776.098778,9.101443086,2759.325696,10.69800905,1011.539111,27.36610824,1562.775216,34.43695083,1850.469976,18.08209192,1427.134901,36.85511178,938.4768417,37.79390697,1060.22193,60.73784127,1647.776255,25.90287607,1974.446811,8.867264924,1748.397436,8.465546038,1087.052172,31.06948396,2648.041949,5.456778613,1062.208529,74.41306394,614.9430086,7.976728702,3452.006091,29.87474969
1564.647588,20.99438705,1447.413363,23.52055263,1766.159216,24.01668164,1431.724581,21.44436789,1710.655776,15.27434284,1684.117932,49.67282305,1431.784809,30.22083519,1275.304194,73.40384935,2012.949546,23.49566543,1072.701652,44.49932595,1718.265236,20.43338229,1628.262713,28.63447645,2538.276656,53.18043585,1133.37901,60.92113985,1621.529292,30.89232824,1200.202712,23.89214294,1878.749002,19.72138935,1840.173813,19.73655174,1152.062777,24.22452229,1784.039236,33.40765072,1232.691582,37.0902598,636.4806446,10.80405383,1680.937388,39.52362525,1057.301282,45.21540399,543.1533435,19.91702933
1723.589892,51.260871,1649.490014,42.61585766,1741.643555,11.60506839,1653.432919,15.29374559,1709.943944,19.53527828,1488.020318,49.86862358,1451.110029,20.40074523,1402.891819,69.237471,1102.321639,22.42794705,1454.6368,28.09008327,446.835358,7.986647268,1683.331947,22.9560056,1922.569624,27.55714502,1777.837735,23.17003758,1141.968738,32.43254701,1357.830969,22.33857191,723.5909386,34.03850923,1857.97845,22.10287691,1140.845224,10.55899598,443.6659751,14.71946375,1594.245879,34.36721608,1080.840126,22.59613865,1784.151513,46.53393219,1135.975451,91.64173783,1336.862991,44.97024616
1704.743596,34.4400369,1752.156545,35.87844606,1699.382776,24.30687835,1679.683326,31.91320309,1656.362937,17.52017328,1367.242202,37.35926883,1424.211737,25.01003445,1747.306494,12.54161206,3755.888508,5.290307991,1033.589256,27.50929326,2560.579194,71.35815032,1641.723981,27.68423033,1707.843116,38.84980935,412.4586315,9.628933967,1743.149769,34.08275665,1036.094595,30.63346648,1094.51576,32.45516844,1237.426608,15.4668932,1014.422821,29.27174906,1222.785434,12.10028398,1774.228901,22.81621874,1319.405602,25.11506312,2679.951756,31.44414131,1160.74326,58.74268483,1070.922062,39.30848551
1670.536688,20.35191117,1770.238062,40.01123827,1704.661275,23.70102562,1436.087999,20.10664741,1686.607054,12.85886375,1943.287289,42.9427152,1432.001471,100.9604214,1755.003731,3.800555366,1159.038155,38.2566998,450.1874396,26.01886298,1011.589589,27.58424655,1196.118118,36.50571784,1123.114482,60.47713317,1857.981475,47.33659025,1175.703012,44.12545097,1644.171195,29.68870669,1098.765379,98.95967218,1969.103909,10.41988448,476.4138668,31.02450622,2758.973489,2.267241494,1621.966208,33.94531253,2742.425873,4.908008273,1659.891089,34.64465821,3218.831717,26.21543798,1177.644394,49.13717427
1468.925788,20.90152441,1781.086233,44.10404836,1702.980614,25.39818349,1740.669113,11.25144801,1623.168627,68.28174162,1705.272506,42.93434651,1724.028439,29.95935102,1681.130788,9.930014458,1428.298794,13.25491146,1051.157396,18.15421975,1664.462723,42.25055136,1582.841595,19.31056748,1922.877697,43.95223133,1308.437538,61.35961726,402.4966353,7.218494444,1323.040108,41.65581606,1742.59907,19.0073354,1655.381292,15.99098001,1140.377005,18.25950399,1775.320152,8.341804042,955.9168271,55.68569378,1698.567548,57.19173707,1104.252903,38.29168585,2678.632125,14.40212197,336.9922268,11.40406744
1460.468395,22.10702073,1436.353758,34.99160939,1774.515193,22.69509128,1068.855263,45.46631344,1707.992126,14.17907545,1819.750433,43.20702561,1736.603867,46.3999423,2096.043492,2.78101959,1907.737523,10.80503905,1421.287033,25.74416519,2056.114423,36.13774042,1188.661749,19.81930759,1414.137638,47.42145806,1726.274182,29.38524859,699.0667471,16.56244123,1655.916865,19.26828093,438.8777457,22.66765899,1058.543521,15.95116982,1649.926702,24.58930649,1121.559922,34.48290323,1052.819832,41.44283601,307.6914231,6.182170767,1413.176528,37.34810045,587.3170371,17.17756209,1352.858875,82.51196148
1697.587029,29.51311374,1770.227847,38.92243327,1439.555171,28.30536087,1737.240576,16.40054994,2430.111628,8.231450694,1743.019441,25.33787695,1266.095496,42.63370737,2768.034224,8.836873634,1197.934914,34.56208401,2013.994587,17.85101521,2724.110708,30.97570962,1505.627942,19.74591756,1193.711735,57.69559436,1414.02328,43.4858035,435.379633,4.925732826,1561.183928,25.69732426,575.5096553,27.71650657,1015.563594,56.25818071,1005.465908,71.91259111,1760.183529,49.94606283,527.2871079,5.905514079,621.7606503,16.21204762,1015.265824,86.27900869,1146.310565,73.67756166,1498.496146,39.86725208
1705.568596,44.22603361,2684.598539,29.11225356,1785.536267,8.953447643,1421.413344,84.8951736,1722.216817,43.05315351,1529.912828,76.68513091,1431.073097,106.9788104,1215.437431,71.68964213,1787.552371,7.359141939,1202.580305,34.25366228,1660.954574,56.68719941,1168.744855,29.71073891,1207.2664,52.44140734,2782.469282,35.23482497,2706.989867,21.28437925,1161.514066,23.20660001,1144.849691,9.735773168,1654.692123,26.20461755,1459.953341,9.188022255,1082.286693,46.47703957,1071.55105,30.32147754,1757.289003,12.95328715,985.6796572,47.25674719,463.6992316,11.23012306,2811.06613,7.099471671
1695.110523,39.45437789,1750.092228,57.1565352,1750.01284,16.59481472,1729.466054,14.89044397,1711.922806,10.59591967,1429.247543,49.50194666,1820.967373,43.74213883,1081.656884,69.66247592,1089.471821,24.058301,1735.595186,12.48148265,1402.438704,31.63970327,1641.724053,20.14393901,2014.220597,36.39998945,1783.507492,18.59619044,1708.724263,64.9769324,1802.763743,18.18838172,2467.733506,22.87623626,1106.599222,97.05324592,580.7834315,7.738509774,1043.011633,52.78448184,1351.1598,57.99866321,1538.867916,19.06549281,2078.021213,70.81836667,1631.769652,36.08816468,2714.861141,9.376003323
1662.776329,25.95418652,1459.348986,33.16589375,1929.898472,17.6445541,1738.727305,21.62198857,1037.280069,24.93780531,1874.211312,78.26783339,1690.258329,38.7526322,1011.22526,62.36677133,1982.0575,17.82869667,1040.105466,52.29855087,2003.993714,32.36731391,1517.79834,18.90937708,1761.123656,34.99053508,1665.313133,23.31508773,1832.516581,28.45101371,1796.993038,25.66107983,2079.722584,10.09491365,2652.308806,5.246102208,1639.607077,18.23467914,1131.028013,34.45645804,1075.599925,45.15863274,439.1674536,11.86948772,496.6977525,7.553107692,1808.606992,29.29305788,2094.735061,16.94460298
1796.516034,40.77654002,1652.520687,48.71253742,1771.533611,26.30388843,1644.16312,13.96804863,1640.517393,12.95346204,1739.009282,33.38439346,1803.191584,35.10818859,1178.89004,41.06273278,451.1480538,11.73156336,1017.433131,35.48190174,608.0725968,6.499096386,1029.749749,49.51102334,1643.927872,22.11688445,1518.328286,26.02963667,987.5382378,36.02963332,1168.816059,31.92434352,1505.249637,24.85402506,1765.370049,12.87053273,403.6460816,10.44523768,1506.576129,8.378275416,1111.721607,38.375735,443.2582168,8.584056434,1033.299581,65.15004209,1419.887396,68.06295761,2548.168373,12.72989085
1864.343105,21.66599651,1764.342463,40.3932256,1713.252759,22.94849152,1739.407645,29.45408667,1681.551376,35.80383237,1739.936802,15.60209391,1675.081947,24.81327239,1250.868491,26.44043501,1743.890686,18.5195738,1033.435236,14.62137716,1619.987583,45.24444678,1662.317696,29.86970179,884.1264435,21.72872509,2621.274381,34.27201098,1923.673873,36.03151299,1046.919015,24.32887932,1100.815703,73.58363754,695.5047147,6.6968188,768.7300599,36.19199229,1846.108104,10.86153024,1732.936112,44.41446753,1083.265795,35.89265991,1621.623371,44.69410126,539.7017792,13.35737694,999.6574612,85.08102396
1667.660183,35.15356951,1737.371538,26.25310082,1621.131849,11.11916466,1649.884789,26.22886957,1431.428181,30.75196584,1999.385799,34.99110605,1423.122495,42.23428964,1074.047587,53.4546512,1729.342739,11.49627207,1650.090036,21.24317621,392.6655386,12.22837029,995.6148392,41.90184694,1707.396529,52.30354275,2486.857213,49.05855047,1309.924071,65.42138074,1755.259049,28.35630385,1062.768554,74.44026563,574.7940034,10.61780394,1076.797788,32.17708615,1024.575742,12.07491737,1687.222122,65.89647681,1755.610438,26.69287646,1048.076475,88.72261923,1660.595186,38.72916671,1611.252058,11.55476495
1711.972731,31.36642495,1792.989779,26.42540662,1675.92881,22.77695693,1739.520286,26.15366939,1708.37917,13.39264056,1772.277464,46.61268647,1703.441154,39.46463461,984.1400609,46.78870893,1940.692898,14.99106218,1517.587669,31.98400718,1063.587397,59.47053996,1043.266927,20.21628563,1890.842486,53.73552754,1651.894981,25.21869292,1128.733977,54.00250361,1636.723267,22.67391799,603.6223015,19.3406525,2656.0672,19.38420316,1052.213581,15.49899622,1159.63038,57.51829606,1115.259843,27.99157026,1742.996217,55.66242314,1186.217815,32.64242014,1920.850039,17.75706585,1786.700842,8.444224361
1431.671927,39.4179977,1463.806358,19.02618906,1741.328069,37.2808354,1723.906484,12.4489482,1715.068409,18.75079747,1853.669035,18.6335632,1784.920924,46.08581252,1411.181205,29.03396618,1717.404894,11.39068224,1317.925103,71.91622624,2440.273374,23.54735637,1768.930066,25.22856957,1547.27145,32.08672305,1656.199514,33.90572979,1448.691787,42.65311873,1101.479213,48.21898794,1166.452836,27.25898959,1662.356568,16.76232667,600.2179089,20.62305451,1895.35717,15.96521697,1088.467624,57.85633598,644.8138913,19.16623323,1542.234452,74.23593938,1791.887912,22.76632102,1015.89315,61.61313571
1645.14499,31.54495532,1436.836172,35.85795471,1421.850115,22.50523518,1754.529518,28.12263735,1679.998275,23.54259075,1694.914187,31.19973093,1105.449102,95.04520275,1566.474142,28.42019748,1194.908243,49.7608329,1202.458763,51.3077261,1181.804036,35.60654823,1663.55279,27.61085964,1156.100107,30.80154446,1138.657274,28.86141501,1335.827245,27.33041436,1071.940158,26.88508931,1158.474691,55.70871261,1156.960147,19.66205218,2121.543984,18.53313832,2670.555754,6.319560916,1554.920184,42.63135393,1650.773562,12.95470476,1210.01121,25.85444866,441.7399857,22.54277683,1669.401593,25.76276396
1711.561168,35.43353693,1734.735824,40.19825501,1678.50226,25.49438885,1444.824744,28.83138719,1736.953156,9.913031333,1588.985038,67.1082718,1444.282047,49.20302291,1410.011553,52.72958497,1083.823374,12.79248942,1307.072236,48.1984367,1092.3609,49.86664323,3000.592431,40.68917607,1860.637532,49.67985346,1309.974044,52.81044381,2533.764192,20.80315181,1770.204962,28.12851434,955.5058596,86.54827443,1425.827453,54.09477913,444.0750303,11.83933078,1632.212495,5.995975419,1235.184229,46.5132299,1253.5485,16.3956937,1687.804911,42.81419855,620.5165171,9.287930528,1392.40983,50.9514526
1678.312149,33.63002689,1625.930616,29.02489002,1709.758081,22.17668014,1704.745039,19.72894221,1650.647444,22.35906572,1655.281334,52.66607538,1357.60664,30.1306498,1083.482704,77.850988,1959.257473,24.16210662,1061.4665,26.13013575,1993.933203,22.23300214,1023.000352,37.69426064,2145.319268,40.56212123,2971.114767,50.13409558,1668.010676,29.9705839,1719.741504,30.33374868,1337.601236,56.12420406,353.6570817,4.103705603,626.0606877,10.9669711,1072.936424,41.57241731,1436.26864,43.49311298,444.9025504,16.43168915,2695.5351,37.33738237,567.9143823,3.587920795,1623.702839,15.26937345
1406.888908,20.04284811,1352.290134,39.22158605,1699.681888,40.06918723,1757.712496,21.32684004,1686.466053,16.72010564,1693.690991,27.85366476,1906.778543,15.33419415,2712.167863,8.030456213,1280.932371,56.71405501,1209.828699,63.88498652,1355.763431,35.29118598,1892.270803,18.3754565,1096.011668,49.33907771,1765.316394,43.49378242,1089.21383,24.47764844,1102.593744,57.00669196,1341.573663,39.23623325,1438.638675,24.64218224,1421.508749,20.19889384,1155.724905,64.24363214,1697.666825,41.50197111,389.5651801,13.26272906,1794.081909,10.99702762,1784.255596,15.13702292,1507.245383,16.38774653
1716.419151,28.88015415,1461.313485,35.03435476,1746.866142,16.82059489,1757.19522,15.43068529,1704.219764,17.90330986,1823.960184,39.83779681,1422.254334,37.91830288,1035.542859,30.11891322,1674.65619,25.21707276,1021.847829,63.25803923,1781.103043,53.27358762,1797.536698,18.22815598,1286.191096,42.27804267,1929.899765,22.75466423,1645.096444,27.84457452,1805.677012,33.81908562,1656.991946,17.48526719,1870.392069,12.15153302,615.1350485,33.05009269,2646.473085,17.4405032,1045.330609,61.31075558,1437.54955,31.27624375,1029.930473,55.83545002,381.047099,8.140091073,1516.003908,28.05860503
1443.831113,24.78647633,1421.318001,51.48520108,1770.366612,30.11361667,1784.399645,13.24821638,1388.695293,16.30806217,1452.087171,33.31703879,1707.55083,28.97119038,1474.805029,33.19460047,1443.082832,57.80823386,1043.032226,30.74046407,1083.496085,99.54959155,1354.86191,31.12551693,2202.793753,43.35767212,1084.525944,23.46865775,1711.088407,32.19640972,1047.159829,45.3929736,1920.868624,15.28777876,1447.630766,18.55590697,1715.970555,36.41374617,1031.440141,16.72882964,1012.643384,34.33932477,436.4391854,9.935404554,554.1974992,15.66581801,1667.380135,12.60944788,603.8536223,16.39493942
1754.213573,34.7663579,1102.820462,50.47565123,1750.104426,16.40752186,1458.80118,29.05779511,1700.664145,25.47348636,1680.591605,122.2669135,1880.955379,104.6587979,1078.975399,38.94175274,309.367827,7.558647548,1422.980917,49.79452221,2773.37199,42.32008967,1599.101296,28.9528013,1177.379777,49.83906136,1681.174937,18.46881703,1176.878411,29.28956996,1392.71456,30.50943128,1699.76406,14.91080657,1450.238826,13.48404737,610.8657317,11.17824166,2701.046863,20.09378619,1648.738678,27.81842024,680.0594048,12.10386365,2778.143365,21.31428759,468.8190099,6.194837601,961.2612881,80.8082165
1460.38663,19.01193723,1712.225376,39.21954001,1680.522671,24.28026165,1463.744476,28.35739936,1692.254724,10.13535071,1369.574662,48.54998177,1897.609697,13.3359291,1024.411867,62.6535578,1440.069928,14.46522383,1281.333546,14.61277541,1811.49272,39.15470125,1061.554465,22.56495496,1147.867492,40.21806424,1762.383485,29.98001109,1115.385878,46.11823314,1106.82332,39.59048754,2803.61655,3.615521508,1153.682379,38.08358578,2798.994861,6.613510797,1417.051955,10.6199781,1056.073998,58.85121412,350.7240694,5.512607694,488.8241355,24.24375852,1263.013526,40.70905882,1086.045532,27.36758455
1821.442348,39.67460889,1738.231089,32.15058665,1710.923106,17.82880167,1785.985207,12.67182841,1783.955722,11.87830997,1923.086197,75.93919189,1744.547993,44.30139011,1900.390675,6.664191677,1251.236561,48.06411355,1131.646851,38.67441253,1281.518198,48.05180977,1621.788718,18.68967499,1380.54419,31.40195463,1412.479105,46.31545195,1220.199276,50.7366055,1645.265957,23.00964781,520.0281393,31.74318013,1410.035383,16.07521288,370.3923844,12.45086884,1801.720123,8.840160089,1050.604308,71.73337503,300.1094849,7.052020492,1693.391516,49.24171241,422.6824432,9.696229092,341.0200732,9.516449704
1427.081824,29.60352391,1733.846924,18.35767447,1447.160702,21.3741172,1462.122759,37.52725928,1422.174795,56.16774502,1452.680934,59.14033843,1630.846206,34.02492515,410.86301,11.37808934,1718.846691,34.26519368,1174.324381,50.91517346,1167.390012,56.24232639,2684.878814,16.57951123,1978.345533,26.76423708,1930.486685,32.62870357,1198.774919,52.65436444,2689.978942,25.78560547,1034.1929,16.21547893,588.7610801,14.27282805,552.9899832,11.61058115,1177.853225,20.09672672,1346.113345,38.8189064,1634.819544,19.33963049,2917.561173,38.05300239,1750.154129,37.19177622,1083.014066,38.12814106
1423.603393,36.32214949,1838.284093,38.07678178,1708.959678,30.31630843,1476.837672,14.45045442,1778.441008,9.609670589,1724.362391,47.32248358,1433.798968,48.14216643,1915.210673,9.364161281,1768.439442,17.07814431,1841.463718,7.909881862,442.3999326,10.26147319,2620.677274,38.38132058,1705.64491,39.86114568,1605.448415,27.6005476,1422.270896,43.57646876,1736.553779,27.88036655,1919.274768,23.39987595,1747.454249,19.67561653,2718.329347,10.35714354,430.8158804,11.96723346,1094.522411,49.81473685,1509.211794,10.29606058,1648.831957,27.67885492,1786.65263,25.88796334,1706.089975,35.03028589
1410.173787,26.83084589,1674.496889,23.5193504,1751.175032,26.37379947,1778.13017,12.97896261,1660.632726,22.14900582,1440.014551,31.50110459,1684.465865,28.12186643,1117.667031,46.54965998,1627.769892,19.56930417,1209.66115,40.39108689,1787.902843,17.87293165,1082.665595,25.3707252,1139.137811,25.8390593,1888.623121,28.62115979,1271.727045,46.25139865,1117.429641,34.8602253,2665.838252,32.53348661,2096.008335,17.17265008,401.5276513,18.17807373,1627.990211,8.709331848,1639.964956,38.62481845,1032.738285,16.92623581,1183.803207,23.12566213,1065.653522,28.59386712,1273.88071,32.4562707
1759.268132,33.65060813,1752.349285,28.37522783,1744.626955,14.66838156,1752.805068,13.16097186,1710.083387,17.81186781,1738.80517,27.87700318,1719.065793,42.71728665,1106.539281,48.62331384,1463.609806,19.9693566,1436.930947,13.35310724,1671.84192,46.66051709,1788.201956,40.98893494,2825.121551,21.15142079,2709.123186,16.49470363,1731.81316,18.34852838,1579.854989,35.5508277,1858.578325,7.384441874,1016.760829,49.9000396,549.8425793,14.45113596,1056.76133,7.753626618,1095.753015,26.80403805,1712.262109,11.08584269,1867.067259,26.71616207,2734.433903,40.83723745,2808.695318,11.82381999
1407.279422,32.55449552,1670.927113,38.67480194,1981.798154,8.030484938,1024.417952,14.26760315,1046.502132,53.43809103,1436.750078,38.06443784,1245.8638,48.67479713,1046.542107,25.5777981,1343.898171,33.19905905,1010.163571,25.19501571,1256.029519,18.665854,2745.247152,44.56346734,464.0499884,2.283543168,1799.725402,36.21782584,1953.00486,22.68550354,1180.598274,49.878192,559.6972998,18.40735734,1743.55763,10.12470001,1626.900289,27.50321839,1002.096138,76.33641554,1607.181338,45.88275065,1770.209798,12.2338539,1346.560586,54.95694595,1444.211453,52.13230426,1436.533043,31.66548746
1750.851857,18.3191393,1107.070125,36.9170969,1787.183087,18.25228627,1757.805933,17.26628224,1668.392085,31.29663161,1762.68686,84.67408236,1467.198537,37.09713965,1008.328368,35.00219765,1720.690506,7.171107463,1444.879191,26.9114195,1680.363045,46.51132709,1059.092992,46.49501607,1137.143962,29.55352361,1110.724022,32.76832084,665.3141721,7.206319127,2093.831332,33.75433949,1182.68567,17.03205239,791.6572832,11.7522273,501.3066756,73.67133907,597.1451313,12.84611759,1074.610047,53.93327054,558.3941586,6.06855322,1815.899803,32.14791831,1772.068736,22.47882799,1702.957412,51.79777746
1781.638647,18.2409311,1436.589012,54.04993035,1444.744926,27.38759825,1752.690877,25.88351101,1727.555597,11.60140821,509.404479,14.74292946,1822.299398,41.5844171,1148.32103,82.38086248,1205.338912,35.00030648,1420.886076,62.28113004,1868.678329,60.6366559,1667.301375,53.84552314,1662.344362,49.66357113,1103.385246,22.39900453,2554.272777,29.97930281,2701.962403,24.26669109,1069.507654,34.39974224,2511.848845,16.25537084,689.1570809,20.00017509,719.8085147,40.82873103,1752.342247,39.54904662,414.3611373,14.17038556,655.3867238,3.115862756,1023.743695,57.00373558,1222.646714,10.37643379
1730.755329,35.42911474,1444.987166,39.09841709,1672.056268,14.14513174,1482.499715,16.49971068,1693.065115,15.24715819,1734.960935,64.59350043,1695.526186,28.20769551,1202.801784,59.39264159,1677.596275,11.65424909,1043.501618,33.15521045,1653.845127,35.409688,1688.127602,40.97582837,2907.224694,63.23123834,1041.079326,46.13697729,1026.054421,50.81702745,1786.079558,18.22484369,1141.767288,34.2398016,1187.836408,63.92230925,1030.659035,25.98983612,619.2189764,13.42191845,1652.249379,28.5651578,1644.303082,17.24250226,1684.561521,68.71541353,1292.549583,37.18754066,1330.143663,23.89076386
1733.594657,31.55685574,1757.353526,26.92824435,1733.232323,34.46659594,1821.39636,24.40997877,1752.145923,20.35953263,1662.542618,28.54124472,1760.795837,13.31698809,1365.291512,87.03526902,1100.426583,17.41711672,1073.95091,47.51416922,1100.899226,67.02380864,1634.444115,36.23633219,1210.342328,17.57014958,411.3096379,3.984627232,2662.323004,25.51829623,1655.548593,21.8781545,1083.439116,49.40980709,1450.594894,11.00743782,575.7368359,16.93380493,1441.11363,26.83675693,1650.305871,20.94969917,338.350103,5.351527641,1729.123208,32.13135248,1459.047725,53.01232843,1000.899662,40.56579346
1776.4498,22.44970471,1672.397451,34.59334479,2658.467689,16.16197751,1755.60072,48.94902134,1336.935539,16.98434821,1748.158534,26.57876752,1462.798474,40.52636103,1791.040566,17.85604654,1037.448967,28.96062612,1146.636919,18.94882575,1424.403301,70.47527558,1264.44834,36.14396067,1556.184295,17.88840195,2066.371809,31.38035249,1628.416581,33.0958005,1471.038707,31.70853762,2525.192952,51.18463836,1761.47242,10.62934059,1253.206433,47.79770365,1141.378285,7.215311353,1185.181152,29.49347536,1509.082523,18.20756433,1597.551819,79.21511916,2754.873266,16.11023419,1884.018953,25.37625357
1726.411953,52.52330158,1430.460811,49.74387324,1713.267538,28.93512042,1460.572924,45.98653534,1463.480935,19.19894909,1779.721699,54.20007996,1479.752755,26.18252221,1572.662092,10.38097645,1076.82703,14.43480911,1013.383698,78.73285509,1030.539808,57.90374602,1669.461458,26.51048817,1685.054953,39.37787905,1632.784113,36.60990134,1695.807454,46.45865071,403.6828876,3.913031176,970.0476969,43.47721159,399.115592,22.07470531,1800.821805,7.728708596,1072.982137,63.49113567,1734.169797,48.07495604,426.6882024,9.16894502,2870.192274,18.59348734,1049.710401,81.34958145,1224.091506,45.85367343
1707.245365,36.64881432,1739.845079,23.84984948,1428.623505,89.2623812,1452.648968,71.75743617,1707.034701,23.90916837,514.945649,13.3132436,1767.119455,18.32631874,1190.680684,24.72093045,1750.968155,14.79797584,1046.124465,39.7882843,465.4776753,5.837908074,1024.314812,37.22690962,1193.356937,23.39326123,1763.76494,40.21026989,1975.2005,35.81152853,2594.289088,22.01577834,1781.483424,32.10938113,721.2276153,9.932145274,1242.396711,66.21666084,1371.217692,4.235609211,1726.158778,20.22170565,410.609417,12.53143032,2744.857055,33.17844683,573.0698333,29.11683608,1439.47475,53.84033612
1733.036265,43.32790735,1747.836167,27.68335824,1441.718934,20.65324144,1755.476585,77.29508029,1675.272656,19.14494176,1708.309035,39.4030185,1465.514019,24.23555196,1762.92003,9.432328881,1725.554965,22.37733587,1448.185833,22.4884174,1161.381081,50.65204618,1291.725543,50.76191189,1771.304712,20.86528039,1106.661724,30.97628693,1881.038121,39.10041523,1059.397934,35.42931924,1661.132105,20.46651517,426.7020509,6.225180976,639.945744,21.77059676,636.5568139,6.517943005,1917.235556,28.71281418,1075.578227,62.12021323,1431.216074,36.0915787,1033.81297,95.67679805,3044.14887,43.94425899
1430.327481,26.76456486,1048.515868,49.67959882,1442.472605,22.58953752,1782.916,26.64468981,1746.285147,62.78844821,1755.117869,45.27334849,1557.183476,47.76751276,1079.697918,35.74239628,1764.383196,9.123657918,1177.467953,45.72176524,1087.094732,59.85573405,1796.412628,21.00688351,1475.206589,23.48538528,2016.69082,32.8382104,1962.138212,46.93508591,1806.457213,24.36472138,2729.551058,9.195635119,1060.687408,58.2394013,2000.674286,17.18202535,1081.652986,11.58829767,1088.375641,26.09279316,1687.704586,24.66623229,552.7446855,13.18980736,1024.752809,59.50671663,1174.657528,46.83796663
1529.522593,32.11432595,1419.117972,65.58650834,1672.231418,36.60511303,1623.181805,36.36163461,1502.090624,45.4746887,1707.619477,33.57796206,1692.35838,53.48926673,2782.08711,37.69811349,1751.609069,26.9465128,1208.321824,38.89071931,1702.344614,18.74644502,2600.223159,34.00787477,665.941013,13.98266193,1100.318428,60.25006418,1285.292425,21.42441848,2543.696046,31.55822213,462.212702,10.17436062,421.871943,5.106372528,443.7442047,33.46908677,1650.83567,14.94610588,2229.580894,21.1245844,1520.184888,13.50434458,2859.841815,32.71857603,1049.340978,18.75279169,1871.574604,10.73846823
1491.331254,30.2923379,1450.6906,33.15834097,1747.123341,21.78534401,1463.508924,16.38907506,1668.79888,12.12708105,1768.413597,42.68634492,1844.390183,33.17896088,1072.221902,24.34687109,1963.696461,49.8952253,1235.908808,58.24575515,1133.691755,53.98146964,2764.382291,30.53136445,1387.109803,56.67054121,1793.656089,18.98870326,1827.590068,29.99956474,1983.570104,30.43935554,1653.50014,64.71083845,1661.851062,12.3503608,678.9241263,34.53691596,1145.067898,29.65810439,1757.714872,43.35239802,1577.729388,17.37544698,647.9850153,12.02141416,2388.196939,28.61033208,1717.457303,16.60028925
1654.366517,40.02693422,1091.280754,47.71339768,1783.244098,23.64428815,1464.077436,31.90852715,1643.782493,67.28279524,1665.742053,67.98704462,1782.96301,32.8649625,1437.697111,19.20796303,1731.262649,16.53329082,984.4286901,68.06561559,1681.527705,51.2106187,409.1169751,3.964059867,1550.310335,37.48823558,1067.261524,35.83325075,1303.892213,19.62909599,2719.157745,23.73371451,1661.02413,24.56029086,1684.046814,16.39435678,986.5316331,63.82724515,1073.764755,16.18337124,617.0686708,5.974787333,1443.16055,72.70548065,1445.942478,21.34160732,1037.027623,49.48377586,1806.968943,28.5749198
1736.491618,39.24666835,1431.339233,37.98688086,1652.718882,48.46007066,1462.482205,20.75003981,1696.6863,14.65130273,517.7698387,17.71184077,1757.222865,34.02997889,1245.512238,46.19033444,630.3120045,9.607642705,1041.466763,77.85145306,2613.03946,60.80434369,1478.234661,53.11366854,954.9590007,26.78499608,1411.990074,37.13801263,1756.313552,22.41858526,1305.356938,40.79004548,1807.261501,24.44566411,489.7226545,8.173641489,977.2663851,54.66426997,3178.259204,7.384896736,1080.108117,33.71784714,307.469492,8.647379911,1190.32378,44.85671438,1047.754044,34.8451566,1657.75688,10.28482905
1053.466368,26.14808911,1423.028388,27.92648535,1470.913602,41.76769422,1728.595865,14.8131487,1001.799634,71.21923299,1332.70014,30.00132853,1692.158815,46.48167422,1043.212959,54.19890192,1116.158747,48.73589416,1136.255726,53.16165654,1672.610159,37.53992543,1662.893178,55.91107215,1540.298363,31.45701809,1614.361351,25.71099866,1829.24067,18.67842419,1512.326329,35.49300729,1182.546113,79.03850327,569.6304626,13.46001099,1028.368339,47.49161915,1438.505811,7.243172804,1085.371864,49.69061106,1423.14209,74.74811442,1917.99957,19.45128213,1426.507972,23.88729665,1025.364236,14.81647974
1755.585674,23.78100488,1732.959779,21.63833674,1738.309937,26.33365753,1674.281209,16.83288366,1700.9974,19.68848762,1691.72836,21.58291708,1720.195164,50.54355665,1190.268597,43.05066725,1038.74399,36.18835243,1250.766036,16.54829667,1019.621672,44.96347893,1628.510039,25.72081467,1666.768536,53.73214776,1679.498901,24.94434284,1156.796672,35.52527272,1631.396204,24.3970748,1170.636092,61.91979969,1751.484157,8.755757414,1502.723264,14.24050835,1082.839234,159.2567714,1124.429658,32.22845261,423.6655618,8.018778546,978.7474421,56.3094464,855.5486418,6.730136269,1073.374037,36.07546443
1685.374242,23.63798174,1665.642029,37.77194504,1407.749417,64.09597309,1675.924242,13.57037238,1633.00057,30.02709972,1703.651362,26.34177641,1440.276379,56.56222786,2692.381989,12.79478368,1370.294017,42.51841347,1008.100667,44.26458226,1886.112737,98.93435569,1193.715445,43.96578998,1359.128136,33.99774128,1470.205378,59.24796151,1161.159644,33.11433118,1624.857728,45.02173085,1523.718271,44.17459,455.0339314,7.662067093,1724.533831,2.985108299,1904.881552,5.305575499,1542.512362,18.81057595,449.9204156,10.38098003,1778.916244,36.23886614,1456.446314,34.67491015,1669.733834,27.89457023
1467.144938,34.21335682,1748.504933,66.88079253,1715.870702,69.93366526,1706.207524,21.53630519,1461.310339,29.53326122,1707.302024,36.26272922,1712.479689,38.12934467,425.3601325,12.45722833,2862.44641,9.257789325,1114.659894,62.97282903,2724.682019,19.30832607,1710.733457,48.21004632,1421.011316,44.83498888,1292.187456,53.12318287,1931.122552,49.26804547,715.2147348,20.85064193,1774.260434,9.465912842,1081.183277,9.747738172,1214.080147,91.61195164,470.0244587,7.534123032,1703.684358,18.52050924,1732.552339,19.82891098,1685.466808,27.68714632,1660.606022,53.15284848,1042.617249,33.39833519
1462.726025,34.21652088,1701.226665,56.3975217,1781.185542,18.12015589,1462.808861,14.66416587,1709.914995,7.483539247,1655.775104,65.11843799,1374.153482,74.00323097,1066.036967,37.6675429,1679.892984,15.0440321,947.2046897,68.1072689,1736.896756,29.3346775,1130.981043,56.18585336,2679.522933,50.13635391,1660.391101,36.85257913,1626.91645,55.42437538,1682.496809,54.11323274,1022.319078,36.29680035,1274.613374,46.01883554,646.9271339,31.15047238,1421.221763,45.40783079,2635.664195,51.18672641,1493.996345,26.8166072,971.837202,32.2486667,1733.075239,21.92007316,545.4449295,24.17627577
1703.868158,36.83505824,1954.028004,28.23684428,1455.992317,18.54333108,1735.036755,13.56108069,1220.232035,54.29776258,1730.201404,41.69058996,1747.196228,26.84328684,418.9513619,12.46272286,2062.886913,18.18506367,707.4496978,61.37792214,2906.415909,31.32706381,1665.625872,35.77015387,1870.927376,43.34297415,1056.205717,59.02006205,1152.553488,19.86975165,1572.875991,20.78890943,1648.166536,37.24462397,1613.249314,94.43052771,1368.41832,23.40124841,2925.35489,3.734973684,978.5702328,34.81486259,1722.336656,25.5531132,2714.724947,21.93048368,1412.541101,29.95505404,1610.770617,26.62587827
1442.513254,26.68115265,1788.232398,32.40905885,1732.837,12.33784561,1058.856907,23.23696428,1194.736571,23.20913053,403.134749,11.48918685,1448.320712,45.52623661,1847.186802,17.67202205,1125.504502,31.00228639,978.6222367,75.557899,1173.867528,37.87657727,1693.660138,20.2315964,1024.791424,26.82725832,332.908314,8.760379648,1065.879262,52.66353095,1237.768763,19.60815181,2033.58925,9.68838397,673.1814034,12.13563964,608.2088226,10.81824172,1951.597552,3.187039424,1286.337082,31.90481793,451.6139222,6.383143753,1047.282117,50.24278114,738.5221392,15.49093983,430.3088357,9.105196741
1725.116619,26.53874416,1449.592413,54.71267296,2525.271264,7.564507591,1423.823579,21.44955577,1663.287692,23.82973321,1810.372801,65.17381321,1441.436573,47.6788841,998.7851169,32.52355083,1985.804822,17.64830055,1029.037569,58.05351154,1197.339207,32.55384637,1711.888752,44.52788662,1676.056279,25.52147757,1412.039065,30.45515006,1780.335839,56.37490964,1442.503288,20.39199331,1063.595819,47.53358993,1650.401811,7.176964737,469.8024712,44.08828831,1003.563271,14.32277469,856.82112,20.81960583,1034.608216,34.11269021,1684.006524,57.00467805,566.2850226,11.98097846,1686.655816,44.5786787
1770.503527,18.48736254,1451.618452,43.0223433,1453.965625,12.46624058,1755.879904,15.62358665,1447.406611,69.24113791,1730.070636,39.01175297,1732.315473,24.40413465,1005.980546,44.704176,1814.755964,10.55403635,1377.582088,38.26486371,1639.643959,45.69150202,1089.067345,28.37270833,1894.975135,50.93682646,1825.992433,40.0919329,1624.42206,25.29937871,1101.271322,36.63370589,1312.133817,44.5850535,1775.696938,10.3709336,379.6943096,14.50282307,1444.747788,68.8027437,352.683229,3.888363066,1642.582114,19.45725361,1040.318579,43.81756381,2544.322602,20.79085148,1983.256773,9.582661099
1380.386887,23.10677221,1698.093435,30.25426637,1727.418151,15.92430346,1451.463805,21.46953449,1665.74343,16.95252632,1932.549118,43.67440109,1679.942635,83.46240648,1012.415048,54.67798786,460.715171,13.37332962,1648.807986,47.61448299,1647.729451,26.22392905,2754.415879,32.04288825,2978.932722,16.10181711,1489.583546,39.20344721,1626.020772,47.0609027,1276.655731,35.3074295,1652.891915,16.76903197,1358.247989,85.85867234,1341.145033,35.34318334,1112.023078,24.05907796,993.8568727,42.11447986,1745.933106,12.76303701,465.5617391,10.105833,357.4748452,11.92763554,417.8904616,17.52752584
1849.465447,20.09411646,1052.65951,44.4551719,1710.292681,9.835119209,1673.826887,24.03881935,757.0132716,16.5099608,1989.239544,58.00837545,1714.49085,46.13277504,1668.290697,25.89481501,1452.738463,28.05906142,1210.645705,74.18060372,1063.780778,38.85866451,2316.141083,38.26582907,653.1072428,14.22351697,1795.821956,28.58222653,1852.037606,21.5145779,1081.405074,42.96050257,1835.882443,14.76208198,519.364792,7.540661386,536.2176231,25.06581881,1433.800904,168.415662,434.4446983,6.763399375,314.4525899,7.474443741,1720.91139,44.15276551,2838.710155,17.44805848,1349.350873,63.41885456
1479.869606,18.97428983,1747.738412,45.28984747,1457.044447,29.61986646,2211.112741,7.207791,1450.478032,16.62630106,1635.547617,146.7286024,1704.487075,37.30483423,1708.724888,16.85889437,1413.9739,64.97594723,1636.568791,49.40107096,1781.226131,33.92876089,1530.955858,31.85626057,1109.523806,44.80820662,1172.362283,35.58234053,1718.684651,27.94036701,1655.209231,18.52730998,1625.217963,11.92102109,1008.212033,29.60292372,1120.200193,59.6573641,2765.361985,18.24825622,1080.304484,54.65171994,1426.061472,31.96668185,1783.944453,36.8413299,1205.834819,42.64262262,1095.3156,99.11797112
1694.816233,29.50167443,1440.107585,34.54198452,1686.167277,39.59226631,1017.13827,18.03752291,1663.785142,16.33154712,1674.457032,46.28254396,1116.343512,97.03283742,439.6967317,12.79057929,1146.746798,9.772294932,1151.819537,24.67598056,1733.740867,44.76705079,1668.31668,40.34021582,1100.397448,43.42214243,1634.582367,39.57228763,1724.01578,19.30327601,1659.810043,22.03778641,1646.822983,43.49302438,1685.210575,8.413371116,1437.832841,56.31964551,1112.705931,23.13032944,1037.805073,34.64062688,1659.060154,64.73213833,1256.594551,44.20230422,1184.519539,28.80585219,1362.527473,7.446607473
1701.477601,21.02060593,1456.361065,38.85625313,1678.327163,38.00292618,1715.660283,16.71964998,1746.387223,17.4149358,1703.783921,34.63769363,2712.279142,27.7085013,1129.203147,47.15327769,2608.906259,17.0936953,424.1868168,11.7706999,1756.695841,32.0228342,1335.479033,45.06675254,1099.240334,51.71190946,1238.167575,22.91058234,1607.963873,35.06596354,1332.29196,33.51146515,1059.237994,8.317064067,299.3623522,8.68349314,3123.893756,5.596756615,1700.267357,60.45295077,1381.185972,54.2346922,558.324459,16.44926995,2055.685985,24.37306459,1116.145772,30.96895673,1506.327845,10.07786793
1716.70272,28.04322764,1442.362251,32.5978917,1745.384248,19.44155864,1455.899971,29.63277602,1050.648447,47.74956316,1773.843413,26.24913097,1442.706994,60.54008892,1418.678673,15.14977774,465.0671769,11.25156733,1270.266308,127.2269817,423.5721933,2.623721499,1057.372604,42.12552118,1749.78489,37.61965596,1085.219368,29.88157107,1059.301889,58.83918904,2913.330584,19.59508283,982.9183833,66.91230729,1134.403566,24.13090921,2755.602918,6.800287705,540.9269329,13.20936551,1727.342963,22.0329148,1425.159507,30.45426447,2682.561713,87.22755838,486.4121914,13.16526633,1645.283612,35.41737994
1722.582772,53.37928888,1447.222513,46.98530957,1667.565395,15.83649168,1723.134877,11.26908006,3005.863208,33.4736254,425.5362002,13.46577669,1418.192246,50.14379071,1151.776034,30.49013759,2569.279203,10.88345678,1272.424979,65.36161232,2814.506442,33.33438053,1527.695348,45.22983541,1826.35373,51.4346461,1515.698742,36.04664946,1098.304408,24.61745951,445.2908619,4.302596514,1869.246028,35.7927874,2024.13802,14.66542164,1852.25084,7.777504119,1147.939945,48.00014677,1132.59123,34.03477501,1117.592025,17.77348695,2533.899111,68.84141828,1679.120392,46.69884953,1962.739575,7.741407624
1752.87194,22.69324391,1063.806802,39.64927677,1369.63521,39.97004002,1676.868878,17.63372335,1818.668149,30.23243055,1648.287831,120.1686083,1519.269405,55.6140673,412.3073484,9.390534851,1665.072004,25.50298647,1145.80559,28.52032342,1044.941049,36.54835611,1800.386063,41.52984068,1200.604281,50.79612969,1131.436352,32.46575071,2766.644667,34.71723869,1184.872215,21.451182,1326.988335,20.79435886,1091.746459,49.75806429,382.4841757,19.25627711,2561.332416,3.717694795,1391.618334,57.4706386,1406.345435,15.48103028,1707.187869,20.4817774,698.1564742,3.308417019,1697.90854,29.25984615
1475.864282,31.1789314,1714.97783,34.05430404,1459.376587,33.23435743,1460.47895,10.10229106,1780.597871,9.823507143,1732.611939,51.61608397,1435.275655,48.53094244,1106.146284,31.2946058,1161.533304,58.91718993,1680.141566,9.761701577,1061.677126,41.31033789,1506.605553,42.9256947,2626.578502,36.2709814,1760.321254,29.07902468,1061.333673,40.44285751,1522.598838,22.62947276,1055.789436,24.93353616,1785.272052,10.00753003,1022.191833,44.93006107,1385.72456,11.84316917,1762.216377,24.31624458,1153.070273,43.80781365,1464.716841,46.75931063,1132.975699,39.82970653,454.6067331,17.17400859
1372.384125,34.68559825,1459.360105,45.27001651,1252.937262,21.84366685,1036.622312,20.82300406,1683.819804,30.57305957,1352.971186,30.86120999,1442.563963,45.36323636,411.6595084,33.12359505,1675.236329,6.286389881,2095.248569,10.14143238,409.9553097,7.745246699,1362.754562,25.45382414,1691.655528,46.19188092,1821.44722,54.08593311,1689.895356,35.79063786,1012.963497,44.59870391,332.8870454,12.11286744,637.9439982,8.290949732,2595.66882,6.856499836,1654.847309,9.806976749,637.5178257,6.752858815,1659.937029,15.50664825,1047.302351,31.50481237,2518.920096,26.2188586,1105.968553,40.69473545
1705.208315,20.25406684,1747.905993,31.50276097,1751.784753,22.42167857,1466.952808,14.40434425,1700.278594,33.10259695,583.2670113,13.21652631,1868.391513,41.51572932,1259.936474,26.73904771,2773.069159,16.13866005,1407.39161,63.26976756,1259.349122,25.81059963,1033.72344,37.87787646,1158.789361,40.90141269,1067.745697,39.81576426,1853.846642,21.69002336,1615.733552,24.02490864,1327.838386,26.71086462,1619.398954,10.9430106,1991.2192,12.41514997,1053.574275,19.05709576,1016.423917,45.65964411,1209.610163,26.86134189,1763.475173,30.13186513,1176.248479,19.39807261,1629.713623,11.86686775
1708.03874,33.19033697,1442.430789,29.73848718,1701.006911,8.907230565,1684.714772,39.63714255,1661.520963,16.60417137,1714.715697,38.1415833,1439.316395,27.88846886,547.9458469,20.31593218,1637.923178,11.32523243,422.6175524,17.45211997,1689.251559,55.30020823,1736.669296,30.81184531,1144.457618,37.68680895,1200.476834,43.37523693,460.1468356,7.505430069,1717.539595,26.65779633,547.6957022,20.58793401,1443.044058,60.46694598,431.378744,10.4989569,1029.652341,22.81835753,1084.189177,35.54276587,1831.850884,8.941502514,1642.112903,28.81410039,1624.687316,70.84972537,1734.112546,9.6656922
1719.210555,45.95775923,1734.062413,29.75978117,1447.628606,33.20936119,1721.306203,15.1378038,1703.897704,20.74241811,1699.244106,50.58111111,1733.034105,26.42624674,1168.981465,57.59874301,634.0626586,9.521665961,981.5073979,25.58941101,1457.784081,60.9493264,1543.633523,19.44075487,2083.918426,24.34080232,1081.175992,61.00637146,1291.701096,44.18449066,2009.406612,20.93961311,1657.474986,58.07960862,424.3927928,7.970598135,1463.107732,64.72793467,397.8777536,11.17786471,1360.946851,28.19583659,1129.556025,15.95801377,1080.72615,70.70459541,1463.348906,35.54028981,1664.416176,1.393836382
1434.29562,49.23400774,1682.587638,39.15067119,1429.138385,34.95734501,1435.887865,21.82570561,1637.390266,41.94522051,1243.048011,46.85952928,1470.983417,30.38930494,1457.023308,35.77379782,1627.324112,30.51275006,1026.716802,41.0668043,1706.115458,32.59916099,2804.094918,21.59465626,1900.006838,35.60765994,1775.440915,49.46966247,1626.297561,31.43433749,1405.952874,47.33070338,1023.509585,50.01469447,1132.146231,20.91425767,565.8678627,9.650157576,1812.227184,37.45202743,1637.69875,35.2929165,611.3048786,16.73844737,1644.778348,35.8873386,1447.54324,65.96415903,1928.582724,6.646246514
1703.8494,24.68121803,1456.326565,28.18483173,1456.640007,26.79640241,1653.012721,11.95364713,1762.845779,31.49688379,1659.465123,42.6526158,1410.258239,30.05107552,1053.882999,34.14444786,1048.292736,21.7201754,464.3890492,12.00793294,2796.940369,31.75021727,1666.641123,53.84908341,1794.935397,36.95133895,1762.780138,39.48594903,1195.490297,47.74572415,1654.065535,43.36416324,1680.421919,23.29572801,1036.301687,51.26549701,505.9267614,21.96992847,1453.557719,7.510546417,1057.932905,44.6409666,1764.1066,11.29225094,1653.306056,31.20644977,1260.337616,17.74334775,1510.027031,8.488227377
1738.13168,31.54000269,1731.748505,24.60235481,1798.145558,7.728388407,1720.663089,15.97150038,1159.713828,48.60741417,1373.225597,30.83446337,1799.678057,22.86707647,1036.483291,47.34860049,1687.761089,19.37777641,1216.683722,28.92900646,1799.59431,42.12087228,1697.953647,28.38646224,1620.785288,35.87043432,1445.243605,26.47990782,1697.434731,38.70285084,1520.87352,26.40841654,2727.85078,9.928304069,1031.264582,17.61300182,2782.845082,11.80040378,1160.314248,45.55151106,1264.018313,34.77549596,626.9694879,7.284188724,1083.572866,37.92463058,1165.415492,21.36975032,1504.192045,17.29277905
1765.68197,23.95742447,1711.736155,39.75832479,1706.257294,19.2125139,1672.475885,28.94844133,1693.836772,12.64171916,1752.205788,22.55400395,1457.942303,56.83428437,1082.134324,26.88245428,2222.958095,13.32533765,2817.113476,10.56670129,1671.023216,21.60339287,1755.523384,41.7316302,870.1141859,20.59299364,1114.535791,34.61469434,1193.643946,28.81991867,1789.474566,51.20162187,1044.726413,89.57727837,1083.543107,66.71373834,1662.629052,60.39193754,542.6056785,10.99477625,1165.572234,34.52880795,1473.534732,32.59996511,1436.908231,35.94990425,593.3973046,18.5945386,3186.161862,7.785360774
1710.178381,41.0647789,1742.821471,22.44897267,1665.663286,23.84757774,1638.612722,23.39957813,1473.563315,71.26535887,1502.014667,24.30738513,1757.631782,29.68385093,1722.68746,15.54568287,1675.5399,21.57485944,1421.831201,54.11098812,618.1077501,11.84695737,2736.572472,27.8164327,1494.426114,29.50682872,1692.014931,30.30018878,2958.240437,27.74902663,1513.30898,56.63869787,1153.47143,70.88258625,1160.028179,58.05921708,1613.329425,18.41882935,1638.786345,17.91830043,1481.121512,21.98684959,1662.709317,13.90214072,2917.057949,42.67335973,2152.133764,23.23189498,1649.17829,17.16193529
1738.49801,45.67141779,1683.287186,18.49601202,1749.237182,40.33137023,1716.818443,10.66503567,1427.280491,30.45834183,1359.905964,38.40968579,1692.61721,44.81372635,1743.30623,30.9134268,1684.009683,12.5307261,1130.470784,27.50694406,1721.216162,60.47274548,1096.874332,32.88650445,1402.33411,45.87131405,1679.908097,46.92357431,1821.584851,26.31419766,1508.578056,35.69948288,1097.222167,11.43411048,1711.738018,28.37803573,651.1626189,46.93538946,1422.233471,12.23177463,1565.177633,41.26058184,2753.062485,5.811662763,2813.818284,23.05308968,2638.275046,27.23900856,1430.509895,55.25397454
1690.420416,51.31486539,1427.176526,29.41340865,1690.569033,13.86083947,1690.459149,20.87981162,1730.171937,17.64185303,2526.231891,26.36218409,1705.955415,46.21936391,410.1480464,10.49688283,773.9744026,15.95273458,1120.812458,77.60965585,1693.525621,42.64752116,2715.875006,32.82351273,1267.411609,36.44728565,1660.921375,45.3664242,1001.448396,40.08266315,1787.143281,29.70563607,1703.833159,14.5875839,1851.948059,5.508306851,2088.504234,11.16944672,2603.838966,4.19398616,2118.271727,42.2455659,1034.349316,29.66830752,1250.866522,77.00553042,341.111719,8.073543851,297.1336697,8.218944054
1650.091413,29.482757,1677.355393,27.86038657,1699.815225,22.60152057,2551.064558,5.543110861,1060.512464,84.97167248,1661.135182,54.35861103,1738.235031,37.54079805,1036.10048,48.21928488,613.8893066,9.066010873,954.9051758,14.97398467,1759.608753,97.30069216,446.0628128,4.309805987,1444.277683,36.90757929,1700.503586,46.7971476,1729.261272,40.77829832,1671.987895,36.81336327,1739.179985,44.74171909,1075.797648,63.32519255,520.0349317,17.7906282,1130.383406,32.6222368,1670.841703,35.13785031,1565.411269,18.11695909,878.51048,14.12603832,626.7028498,4.479040236,1623.565398,25.84687516
1728.746827,34.90352483,1689.465551,35.98965742,1760.453638,29.12813894,1749.538129,15.47808749,1728.430505,22.41483892,1904.270456,34.49846803,1730.741078,51.22689874,1408.079359,39.55950691,641.9490539,14.47073635,1327.019011,22.68538758,1781.654731,59.67961493,2722.737602,23.06764276,1783.480065,41.77585222,1157.566003,27.19264066,1038.64905,36.44461935,1075.100998,33.95474923,1688.366526,59.81278002,1761.312208,7.750067949,992.9277055,76.07901028,2167.698278,9.374376487,616.9290578,5.883284258,1866.296456,13.07574533,520.7572392,6.003342627,1656.875702,27.81914035,1020.893411,46.89406421
1456.747564,28.53095906,1698.304546,29.48678743,1458.6415,37.80386543,1808.270249,7.306062375,2768.446853,14.01689767,1860.599116,51.93467889,1689.428872,31.81542099,1070.812103,24.83654218,2928.824861,8.979483686,996.0402888,57.3543141,2787.154839,23.91889351,1110.467718,36.12213877,1625.240115,37.75286668,1208.200208,21.88508715,1785.083374,19.8772662,1112.259645,56.94115379,1653.774956,29.29369845,1108.7724,46.48378963,614.7157135,10.41819975,1694.181415,26.48682483,2748.084104,19.89604442,1253.168407,11.28787937,602.5802393,15.41738553,499.7031045,4.856348524,1636.961603,29.13000018
1720.029147,29.40512458,1709.613054,43.08389762,1691.369688,17.9233046,1773.740037,8.502385305,1704.347045,34.1551691,1958.524171,45.49046858,1415.520484,47.11256742,412.8781655,7.232434933,1643.965297,22.81619489,1227.864948,25.03456196,1914.215168,33.55167964,1160.94279,49.46916271,2596.170501,54.09292442,1981.375874,24.21300102,1449.252129,58.26844146,2669.752999,25.83175976,1246.901774,93.31827776,522.9608212,8.055995452,1990.055725,27.88097462,1084.7159,83.68313508,1680.204595,24.94239983,487.3706736,5.437666177,1087.546687,45.65477037,1142.514289,35.94039216,411.6357528,29.74325804
1730.417554,40.03926785,1467.557484,36.12201184,1108.954784,152.6635055,1672.231292,17.85058851,1641.989009,25.91683758,1725.890481,36.23911748,1741.976986,32.07565656,1823.188033,11.45237627,1820.25414,31.80986305,1032.653445,79.03911387,1743.30539,38.4875451,1829.112908,49.14602406,989.3010009,50.44344397,1451.12235,39.61270657,1761.229093,42.05259769,1337.522762,29.43394501,1808.740429,30.49884544,1055.519081,8.413556479,1159.901529,8.153331352,1423.503351,70.28123356,1783.640912,20.2784628,1020.433346,33.83985064,349.4716581,7.041478568,1066.327704,31.85455439,2679.461586,4.181894696
1689.897972,42.89088195,1821.742049,33.77416859,1663.022867,44.4573496,1703.241022,51.8203849,1786.764921,29.79872463,1806.079608,36.75015541,1119.640124,32.83566399,1028.208026,7.061801652,1636.461923,18.52307952,1068.409818,44.85847876,1743.351183,41.98097606,1808.356445,19.26691197,1653.418514,54.6611475,433.0135888,16.29100255,1662.124715,22.03548173,1756.786384,23.04895525,1619.450423,15.03222296,1870.181415,7.457231238,370.0438857,4.917734258,1144.12296,28.12547507,2484.432326,37.46246928,1532.770534,12.68478632,1705.963024,19.35487881,1389.324173,42.68658208,1085.571826,36.31253197
1434.706383,36.05909698,1829.613146,33.38484439,1425.736196,24.87463121,1469.233538,16.12507158,1688.371414,14.65162222,1713.839796,37.68456679,1764.952874,26.55074879,1020.595363,34.28321529,1641.574443,23.46821406,1100.772894,37.74191743,2894.123354,25.63163041,2630.604971,26.75870144,1715.081032,39.35274618,1775.514185,29.01815259,480.5992805,4.631213691,1667.427436,23.73137989,1775.850932,10.37289583,1360.50959,29.64812974,1443.133469,38.93315637,960.0596277,11.16982808,430.3136343,7.947947031,1585.462147,10.2247018,1781.831294,24.9936343,2730.008243,17.62753241,1010.129426,55.79770936
1448.669632,38.27669545,1455.605404,45.66691554,1436.63581,29.2231035,1752.248712,9.93325666,1939.853318,14.44346969,1491.556032,88.92135067,1656.653207,34.74108692,1245.539608,71.17612352,1445.71599,7.942804696,460.6478307,19.40529621,1444.675885,63.08715193,1467.863065,38.17805859,1109.783604,48.31034436,1795.990894,29.30677476,1168.83458,36.64093457,1528.159153,24.68913584,2461.763194,10.99609911,654.2412528,12.31050679,1813.46824,20.30273157,2746.47885,3.55132385,1667.672987,32.56020571,1473.449696,22.71280109,1257.205867,47.56496321,293.7382459,5.398355579,308.087693,10.8229304
1695.325802,36.1362898,1619.584617,33.75260458,1777.575998,39.4607184,1454.184965,18.44929972,1771.481323,25.07975722,1667.204417,82.50277049,1758.647851,28.64213938,1233.123032,68.48203672,1703.70256,14.56342915,1076.653692,39.58161646,1055.455794,33.47327818,1227.3048,58.05990976,1758.355204,29.31863024,1926.75393,32.79017366,1890.21221,26.63868225,660.0819177,6.274121301,956.1998308,29.03388254,428.6304636,9.372190994,1897.801509,16.16627576,657.1936963,16.41119882,1908.460986,48.22314035,1941.559038,9.836727272,1086.797669,70.10783044,1265.320839,26.38769179,1065.269423,64.77009885
1719.740811,46.89391569,1759.004181,37.83730786,1765.689669,16.25539469,1450.765405,17.68338709,1687.071263,17.04881914,1742.481891,56.69264202,1768.072662,51.33816286,1622.585517,43.93569635,,,1129.207564,64.81211114,1921.551386,102.2629032,1742.808996,50.39991116,1675.205578,63.17443335,1096.68822,38.64344623,1469.447748,20.12554077,1594.523546,36.43101871,330.3219639,14.12165957,1631.136022,39.35079174,1044.646941,22.8287597,1754.175554,6.274586284,2650.213339,30.56644655,597.8918154,13.1404209,1683.725043,14.95999712,383.6643193,4.916611949,628.0177921,22.52921158
1734.512309,24.58159174,1815.785083,47.59026461,1944.936144,43.37519004,1730.638795,14.90652059,,,1725.142184,33.01242873,1757.389904,45.18355499,1041.994148,43.84434811,,,1618.259022,9.331734739,1684.636646,62.62656911,2933.707211,35.41126607,1095.344317,63.55002116,412.5976268,10.83109127,2991.855414,16.08450615,1058.447904,20.18268644,1081.833664,42.41062199,1876.977358,22.64755795,1027.256306,39.90007202,1021.922036,36.84944,1072.567857,27.00050553,1158.494832,10.94481339,1719.515365,32.41950624,273.2574389,6.287353273,1323.464258,33.39757776
1445.199438,43.63225206,1455.267295,31.34277604,1653.86513,38.10245851,1665.636054,19.94674772,,,1739.116245,54.63364221,1742.040366,35.43533773,1040.590111,59.74476042,,,1133.456814,34.28543712,2817.553363,33.65333194,979.2147549,47.94768213,1761.804103,41.5164364,1351.038199,21.43235669,1454.546121,31.01212671,1792.252409,22.77131112,1664.01262,10.55686737,1158.455432,123.2480346,2692.305095,18.15766863,1239.756722,181.761291,323.7233544,7.100514987,583.0964687,12.65445915,1178.890055,41.18581856,1076.116688,41.7191645,2640.41081,19.93853093
1455.139302,44.32737985,1731.126322,50.30671576,1753.660433,17.20575231,1449.877379,54.67108929,,,1845.578911,37.50390307,1450.346746,41.16325063,979.1638975,52.72331743,,,1012.392778,16.45003384,1670.020474,34.24152054,1022.360972,53.55715449,1560.032913,30.33885634,1187.077713,24.53632117,1691.439056,18.44463868,1066.17949,28.56402278,1089.39807,95.38815118,2274.544416,10.8804705,576.7326073,6.773885502,503.1078776,17.39512134,691.8496518,12.62657383,335.4549394,4.816994822,1852.175556,23.70179028,1058.108599,18.23716344,2702.755338,25.93785755
1447.951514,43.24160263,1718.050324,28.32495225,1452.765369,20.88695343,1486.056103,13.1861567,,,1882.521073,38.42156735,509.6565968,19.65028069,1433.081184,43.03920892,,,1223.469952,53.56942592,1690.602107,37.72347046,1807.316631,34.19930552,2622.79842,35.93394012,1437.406774,20.41635463,2779.937246,16.87909643,1048.627407,39.94634118,1140.022655,22.25133268,2050.058491,22.30327814,1194.115545,46.50836225,597.8527361,14.03639016,985.9170658,20.43993858,326.0143268,15.41319342,1462.478018,33.52092698,1821.758413,14.20302004,1669.455215,10.93090931
1451.903772,24.74241322,1439.514873,39.48905791,1929.559112,10.65242712,1440.751444,14.6467065,,,1941.662181,23.74804731,1718.440976,40.37207829,2695.207138,10.2447508,,,1779.422361,16.85578201,415.9990565,20.06252243,1074.097209,69.04815865,1852.743392,54.99831775,1630.65461,53.72675759,1611.145395,18.63571087,1682.057311,36.52261186,1680.60739,10.72338336,1701.992817,77.33625283,1355.494728,24.19342454,1450.163886,35.88928204,2745.030945,23.19768565,1024.121122,62.78789783,1021.334972,49.47824044,1002.127573,67.26216826,2870.405822,10.60493403
1829.603309,19.95085458,1670.287583,36.62963209,,,1455.533523,22.69897443,,,1725.641437,45.36765599,1363.264725,20.4717752,1029.32994,66.54750075,,,393.48288,10.88767809,1251.070486,53.05903306,1663.654238,47.02773866,2962.934249,48.07258663,1103.759529,51.62782629,1664.679617,21.83925557,430.6555809,6.457078658,1071.03358,19.21473638,483.9987559,9.762873475,371.2556663,8.484035886,1144.791162,25.50898961,1626.196855,44.09256245,2234.76687,16.74242844,1406.413687,48.15436542,1045.326663,38.57276816,1069.471215,30.03692079
1451.082662,44.59126357,1777.802221,29.2058209,,,1423.712834,22.19315503,,,1693.796778,40.78162819,1751.853466,26.00098365,1077.938106,45.63404198,,,1172.886898,24.77089515,1664.012078,45.34993242,1101.204459,40.39855312,1642.834948,48.65109444,1891.810733,25.56963495,2823.510441,16.32774316,1611.157949,19.75517873,1412.38718,27.12657031,1692.810881,17.12077242,410.7925966,8.904694103,1077.033142,24.78056277,603.0170609,11.55337163,2104.659487,16.85495017,829.5254193,25.7646377,1255.633694,33.65651993,1394.839034,35.04248286
1447.451884,26.6632492,1763.426938,49.01825701,,,1088.394488,27.44928705,,,1730.714479,54.53947757,520.3464013,17.44653177,476.3352068,16.2498366,,,982.1270154,35.11634353,,,2880.957578,37.51910615,1078.175522,72.41254879,1030.040636,57.83872586,1781.838042,18.24363966,1097.336323,20.03517746,1622.602261,16.97955496,2091.244936,11.47484381,,,1699.867454,6.981274328,1078.449718,20.14788364,500.509751,9.893454319,360.0219381,31.79416688,272.6489649,12.70748463,1510.6931,9.282053834
1735.478854,58.70280423,1444.817477,39.08153812,,,1728.789043,17.99795318,,,1774.529217,37.79213087,1698.263667,23.05524762,1075.292544,72.9554225,,,432.8188785,21.02274488,,,1618.671193,35.3813012,451.6431275,8.767323146,1427.858784,51.7512037,1351.300188,44.77090916,1157.302998,33.13852221,1842.60087,8.226082546,590.4245125,23.9836205,,,1330.072481,14.55391829,2011.443119,23.35621273,1769.013631,16.36182797,1071.035964,31.90007973,403.4149754,34.9994463,1096.931074,29.43106013
1697.731412,22.66708531,1458.043834,26.14004048,,,1739.760733,15.18919117,,,1772.258025,15.38040959,1450.590646,71.99071428,1238.26302,57.98259853,,,1076.379736,71.83973092,,,1180.62034,58.5320892,1370.103156,50.38361905,429.0787325,5.770037014,1633.089073,22.29729716,1449.009397,31.41605753,1631.51252,12.57496527,419.5229223,7.063517162,,,1807.679332,10.00777365,1203.326542,38.99508547,1103.738083,33.66843452,975.809289,46.55514557,1789.168276,27.14551683,1300.226641,44.46167748
,,1667.486168,23.16565842,,,1749.362385,9.088070531,,,1765.516738,23.61737032,1696.947966,42.40561013,1000.881564,35.02025876,,,2632.345883,11.68167562,,,1970.664246,46.02036122,2013.863412,21.37941458,1696.195189,34.65679588,1774.260018,18.2539534,1115.522072,31.54289627,1045.914721,55.39388553,1619.757192,11.0474684,,,1655.072007,13.39222337,1868.871187,36.47129759,1669.917393,42.51934814,1716.477704,49.49471918,300.5070146,12.30228913,1445.487848,20.02696241
,,1682.472543,40.4496683,,,1783.946862,11.85568042,,,1740.422985,33.40156245,1252.163941,61.75824423,1215.326555,40.07255661,,,1093.584701,27.80046429,,,1771.374833,48.57350727,1178.909504,41.68857071,1206.527084,43.56921743,1116.1716,26.85951998,1027.34102,30.94776525,1130.75791,19.94093707,1326.947113,14.04000503,,,1099.22302,39.24178967,570.5270934,6.508169083,,,2796.189993,37.81798347,1651.525171,29.91566529,1234.788758,11.93313813
,,1453.265603,45.01204592,,,1447.9313,24.34777908,,,1700.4507,53.12614594,1687.36439,58.87650904,1116.172726,16.94816185,,,1517.720158,56.36473815,,,1650.958985,56.38337391,1725.35811,20.06279179,1770.611009,24.11433488,977.0797905,37.71081431,1881.626963,24.31742164,,,1068.582551,84.61311697,,,1631.938472,7.152373621,1823.403271,47.40160779,,,1842.359496,25.16357208,872.2149754,29.04204886,983.4032789,33.93992408
,,1458.391326,19.03608905,,,1752.60687,9.863350414,,,1894.822025,43.83647967,1456.06212,42.81471098,1190.728685,10.49566382,,,1015.007441,51.19040076,,,1296.618789,48.25150032,1711.022379,35.03247149,1786.748798,28.43186591,1434.271552,38.92356683,1247.497858,21.43461483,,,2223.154839,8.26164095,,,328.5377006,7.558235454,1550.043909,18.83102606,,,1652.713709,25.08512818,2026.229596,28.61128519,1458.411096,21.62547115
,,1742.840467,22.03858346,,,1470.767447,12.98968586,,,,,,,1663.146046,18.46841727,,,1074.937464,41.12525483,,,,,,,1204.342157,62.16892146,,,,,,,,,,,1663.119555,44.50169904,1136.928804,59.91491569,,,1920.241407,24.21298407,592.4028788,13.35757291,1642.619309,41.31642167
,,1743.836759,53.40661643,,,1715.315577,16.31883447,,,,,,,1081.397324,20.55860761,,,,,,,,,,,2747.939737,31.56310081,,,,,,,,,,,1445.107925,16.6965282,1526.200936,41.65745356,,,,,324.5191761,8.196997825,398.6503792,22.9620238
,,1447.731285,45.73972145,,,1669.936589,16.47751141,,,,,,,1068.834802,28.26388059,,,,,,,,,,,1130.46764,37.70521949,,,,,,,,,,,,,2055.51633,31.7767423,,,,,1733.802519,24.05382824,1420.14132,30.51812596
,,1735.87258,37.61676063,,,1461.729974,13.3380526,,,,,,,1696.503508,32.85993777,,,,,,,,,,,,,,,,,,,,,,,,,2947.316895,27.45995262,,,,,535.4672666,10.37940479,,
,,1444.253612,53.74017221,,,1724.401176,10.08983206,,,,,,,1194.914838,21.18341519,,,,,,,,,,,,,,,,,,,,,,,,,552.7022639,16.31333021,,,,,,,,
,,1737.437138,24.39639734,,,,,,,,,,,725.6893402,17.20480568,,,,,,,,,,,,,,,,,,,,,,,,,,,,,,,,,,
,,1824.055967,31.26643458,,,,,,,,,,,959.0550424,80.89964668,,,,,,,,,,,,,,,,,,,,,,,,,,,,,,,,,,
,,1444.597027,28.38358402,,,,,,,,,,,1515.359453,18.70025297,,,,,,,,,,,,,,,,,,,,,,,,,,,,,,,,,,
,,1671.635958,48.96303751,,,,,,,,,,,1049.609001,51.47517817,,,,,,,,,,,,,,,,,,,,,,,,,,,,,,,,,,
,,,,,,,,,,,,,,479.4195339,12.40494399,,,,,,,,,,,,,,,,,,,,,,,,,,,,,,,,,,
,,,,,,,,,,,,,,436.4913846,23.1535956,,,,,,,,,,,,,,,,,,,,,,,,,,,,,,,,,,
,,,,,,,,,,,,,,1792.277733,31.98006476,,,,,,,,,,,,,,,,,,,,,,,,,,,,,,,,,,
,,,,,,,,,,,,,,470.2491767,29.50718413,,,,,,,,,,,,,,,,,,,,,,,,,,,,,,,,,,
,,,,,,,,,,,,,,2004.547009,21.26569972,,,,,,,,,,,,,,,,,,,,,,,,,,,,,,,,,,
,,,,,,,,,,,,,,1380.37123,36.27617735,,,,,,,,,,,,,,,,,,,,,,,,,,,,,,,,,,
,,,,,,,,,,,,,,1012.47964,28.46739724,,,,,,,,,,,,,,,,,,,,,,,,,,,,,,,,,,
,,,,,,,,,,,,,,965.3995912,68.06971845,,,,,,,,,,,,,,,,,,,,,,,,,,,,,,,,,,
,,,,,,,,,,,,,,426.6681614,6.1153096,,,,,,,,,,,,,,,,,,,,,,,,,,,,,,,,,,
,,,,,,,,,,,,,,962.5689221,38.57859672,,,,,,,,,,,,,,,,,,,,,,,,,,,,,,,,,,
,,,,,,,,,,,,,,1090.284638,54.19864586,,,,,,,,,,,,,,,,,,,,,,,,,,,,,,,,,,
,,,,,,,,,,,,,,946.0068715,59.68866158,,,,,,,,,,,,,,,,,,,,,,,,,,,,,,,,,,
,,,,,,,,,,,,,,1877.995611,10.39825276,,,,,,,,,,,,,,,,,,,,,,,,,,,,,,,,,,
,,,,,,,,,,,,,,1206.965224,28.66411722,,,,,,,,,,,,,,,,,,,,,,,,,,,,,,,,,,
,,,,,,,,,,,,,,1065.906938,14.89442171,,,,,,,,,,,,,,,,,,,,,,,,,,,,,,,,,,
,,,,,,,,,,,,,,976.1556483,44.47928119,,,,,,,,,,,,,,,,,,,,,,,,,,,,,,,,,,
,,,,,,,,,,,,,,538.3429562,28.21026687,,,,,,,,,,,,,,,,,,,,,,,,,,,,,,,,,,
,,,,,,,,,,,,,,1022.035935,48.39493294,,,,,,,,,,,,,,,,,,,,,,,,,,,,,,,,,,
,,,,,,,,,,,,,,1177.239671,28.83498546,,,,,,,,,,,,,,,,,,,,,,,,,,,,,,,,,,
,,,,,,,,,,,,,,2180.145237,8.487028673,,,,,,,,,,,,,,,,,,,,,,,,,,,,,,,,,,
,,,,,,,,,,,,,,1685.129558,14.33762859,,,,,,,,,,,,,,,,,,,,,,,,,,,,,,,,,,
,,,,,,,,,,,,,,1156.462482,43.32765202,,,,,,,,,,,,,,,,,,,,,,,,,,,,,,,,,,
,,,,,,,,,,,,,,946.541457,16.56748361,,,,,,,,,,,,,,,,,,,,,,,,,,,,,,,,,,
,,,,,,,,,,,,,,1525.811381,31.11111994,,,,,,,,,,,,,,,,,,,,,,,,,,,,,,,,,,
,,,,,,,,,,,,,,1456.16501,60.41919135,,,,,,,,,,,,,,,,,,,,,,,,,,,,,,,,,,
,,,,,,,,,,,,,,1016.662472,98.17255282,,,,,,,,,,,,,,,,,,,,,,,,,,,,,,,,,,
,,,,,,,,,,,,,,1116.866605,55.20339011,,,,,,,,,,,,,,,,,,,,,,,,,,,,,,,,,,
,,,,,,,,,,,,,,1442.147563,7.252056823,,,,,,,,,,,,,,,,,,,,,,,,,,,,,,,,,,
,,,,,,,,,,,,,,1255.871003,34.41825345,,,,,,,,,,,,,,,,,,,,,,,,,,,,,,,,,,
,,,,,,,,,,,,,,1070.34075,39.11936153,,,,,,,,,,,,,,,,,,,,,,,,,,,,,,,,,,
,,,,,,,,,,,,,,2704.956761,12.16479852,,,,,,,,,,,,,,,,,,,,,,,,,,,,,,,,,,
,,,,,,,,,,,,,,1075.668667,48.5214783,,,,,,,,,,,,,,,,,,,,,,,,,,,,,,,,,,
,,,,,,,,,,,,,,961.6646898,64.58785951,,,,,,,,,,,,,,,,,,,,,,,,,,,,,,,,,,
,,,,,,,,,,,,,,1041.824292,33.25857115,,,,,,,,,,,,,,,,,,,,,,,,,,,,,,,,,,
,,,,,,,,,,,,,,1098.626669,12.62002202,,,,,,,,,,,,,,,,,,,,,,,,,,,,,,,,,,
,,,,,,,,,,,,,,1144.301191,55.99521323,,,,,,,,,,,,,,,,,,,,,,,,,,,,,,,,,,
,,,,,,,,,,,,,,1117.94821,49.94986892,,,,,,,,,,,,,,,,,,,,,,,,,,,,,,,,,,
,,,,,,,,,,,,,,1307.598766,34.0889866,,,,,,,,,,,,,,,,,,,,,,,,,,,,,,,,,,
,,,,,,,,,,,,,,380.6166893,9.908871933,,,,,,,,,,,,,,,,,,,,,,,,,,,,,,,,,,
,,,,,,,,,,,,,,1454.023786,18.74805253,,,,,,,,,,,,,,,,,,,,,,,,,,,,,,,,,,
,,,,,,,,,,,,,,1326.911881,31.25186876,,,,,,,,,,,,,,,,,,,,,,,,,,,,,,,,,,
,,,,,,,,,,,,,,624.2827234,22.25482005,,,,,,,,,,,,,,,,,,,,,,,,,,,,,,,,,,
,,,,,,,,,,,,,,447.6773311,9.430513164,,,,,,,,,,,,,,,,,,,,,,,,,,,,,,,,,,
,,,,,,,,,,,,,,1445.823114,18.70710685,,,,,,,,,,,,,,,,,,,,,,,,,,,,,,,,,,
,,,,,,,,,,,,,,1418.073309,44.85404814,,,,,,,,,,,,,,,,,,,,,,,,,,,,,,,,,,
,,,,,,,,,,,,,,1130.423548,59.80039818,,,,,,,,,,,,,,,,,,,,,,,,,,,,,,,,,,
,,,,,,,,,,,,,,739.766317,15.28815926,,,,,,,,,,,,,,,,,,,,,,,,,,,,,,,,,,
,,,,,,,,,,,,,,1394.449949,34.06212403,,,,,,,,,,,,,,,,,,,,,,,,,,,,,,,,,,
,,,,,,,,,,,,,,1637.628321,15.31922907,,,,,,,,,,,,,,,,,,,,,,,,,,,,,,,,,,
,,,,,,,,,,,,,,1067.70221,51.99706149,,,,,,,,,,,,,,,,,,,,,,,,,,,,,,,,,,
,,,,,,,,,,,,,,1450.294154,32.89477457,,,,,,,,,,,,,,,,,,,,,,,,,,,,,,,,,,
,,,,,,,,,,,,,,1646.557041,19.05353626,,,,,,,,,,,,,,,,,,,,,,,,,,,,,,,,,,
,,,,,,,,,,,,,,1461.163027,29.19816662,,,,,,,,,,,,,,,,,,,,,,,,,,,,,,,,,,
,,,,,,,,,,,,,,1324.001405,67.25212859,,,,,,,,,,,,,,,,,,,,,,,,,,,,,,,,,,
,,,,,,,,,,,,,,1896.928977,45.56203208,,,,,,,,,,,,,,,,,,,,,,,,,,,,,,,,,,
,,,,,,,,,,,,,,1056.462209,54.78279773,,,,,,,,,,,,,,,,,,,,,,,,,,,,,,,,,,
,,,,,,,,,,,,,,1529.127474,54.00719326,,,,,,,,,,,,,,,,,,,,,,,,,,,,,,,,,,
,,,,,,,,,,,,,,569.6267523,15.97397024,,,,,,,,,,,,,,,,,,,,,,,,,,,,,,,,,,
,,,,,,,,,,,,,,464.0632217,17.54810548,,,,,,,,,,,,,,,,,,,,,,,,,,,,,,,,,,
,,,,,,,,,,,,,,868.1952632,30.22642945,,,,,,,,,,,,,,,,,,,,,,,,,,,,,,,,,,
,,,,,,,,,,,,,,479.5281711,25.86712794,,,,,,,,,,,,,,,,,,,,,,,,,,,,,,,,,,
,,,,,,,,,,,,,,1656.758835,66.39030918,,,,,,,,,,,,,,,,,,,,,,,,,,,,,,,,,,
,,,,,,,,,,,,,,1230.055556,43.70497958,,,,,,,,,,,,,,,,,,,,,,,,,,,,,,,,,,
,,,,,,,,,,,,,,1881.865306,70.46521941,,,,,,,,,,,,,,,,,,,,,,,,,,,,,,,,,,
,,,,,,,,,,,,,,1446.795602,49.98501403,,,,,,,,,,,,,,,,,,,,,,,,,,,,,,,,,,
,,,,,,,,,,,,,,1158.298842,49.3698905,,,,,,,,,,,,,,,,,,,,,,,,,,,,,,,,,,
,,,,,,,,,,,,,,1877.16281,24.70085616,,,,,,,,,,,,,,,,,,,,,,,,,,,,,,,,,,
,,,,,,,,,,,,,,1019.450998,58.78834666,,,,,,,,,,,,,,,,,,,,,,,,,,,,,,,,,,
,,,,,,,,,,,,,,1243.977061,39.45589026,,,,,,,,,,,,,,,,,,,,,,,,,,,,,,,,,,
,,,,,,,,,,,,,,484.7667975,27.99934692,,,,,,,,,,,,,,,,,,,,,,,,,,,,,,,,,,
,,,,,,,,,,,,,,1088.602349,166.6908657,,,,,,,,,,,,,,,,,,,,,,,,,,,,,,,,,,
,,,,,,,,,,,,,,1431.854684,64.65162068,,,,,,,,,,,,,,,,,,,,,,,,,,,,,,,,,,
,,,,,,,,,,,,,,1851.219557,14.0639815,,,,,,,,,,,,,,,,,,,,,,,,,,,,,,,,,,
,,,,,,,,,,,,,,965.0078979,93.39737515,,,,,,,,,,,,,,,,,,,,,,,,,,,,,,,,,,
,,,,,,,,,,,,,,1268.125756,29.35511093,,,,,,,,,,,,,,,,,,,,,,,,,,,,,,,,,,
,,,,,,,,,,,,,,1650.051167,27.97534392,,,,,,,,,,,,,,,,,,,,,,,,,,,,,,,,,,
,,,,,,,,,,,,,,1055.585412,44.57535538,,,,,,,,,,,,,,,,,,,,,,,,,,,,,,,,,,
,,,,,,,,,,,,,,1669.594202,13.27712044,,,,,,,,,,,,,,,,,,,,,,,,,,,,,,,,,,
,,,,,,,,,,,,,,1637.274093,83.32580034,,,,,,,,,,,,,,,,,,,,,,,,,,,,,,,,,,
,,,,,,,,,,,,,,1664.369675,44.03317249,,,,,,,,,,,,,,,,,,,,,,,,,,,,,,,,,,
,,,,,,,,,,,,,,1626.951085,42.76312466,,,,,,,,,,,,,,,,,,,,,,,,,,,,,,,,,,
,,,,,,,,,,,,,,1689.906947,14.96072256,,,,,,,,,,,,,,,,,,,,,,,,,,,,,,,,,,
,,,,,,,,,,,,,,1738.855892,23.53715373,,,,,,,,,,,,,,,,,,,,,,,,,,,,,,,,,,
,,,,,,,,,,,,,,1182.421054,36.3948196,,,,,,,,,,,,,,,,,,,,,,,,,,,,,,,,,,
,,,,,,,,,,,,,,,,,,,,,,,,,,,,,,,,,,,,,,,,,,,,,,,,,
,,,,,,,,,,,,,,,,,,,,,,,,,,,,,,,,,,,,,,,,,,,,,,,,,
,,,,,,,,,,,,,,,,,,,,,,,,,,,,,,,,,,,,,,,,,,,,,,,,,
,,,,,,,,,,,,,,,,,,,,,,,,,,,,,,,,,,,,,,,,,,,,,,,,,
,,,,,,,,,,,,,,,,,,,,,,,,,,,,,,,,,,,,,,,,,,,,,,,,,
