Mexican data set (Lawton et al. 2009),1 sigma,"Mogollon Highlands (Laskowski et al., 2013)",1 sigma,TSA3 Composite (May et al. 2013),1 sigma,Arc Laskowski et al. 2013,1 sigma,Mesozoic Eolianites,1 sigma,late Paleozoic Appalachian basin Washington Fm,1 sigma
72.4,1,72,0.9,64.24549288,2.850165442,45.7,0.6,250.1,2.5,1620.7,51.5
73.1,3.9,72.3,2.8,66.84827501,3.931987087,45.9,0.7,250.1,3.2,2219.3,52.9
73.3,0.7,73,1.4,67.33359139,3.371806296,45.9,0.9,250.2,19.5,314.5,13.1
76,1.1,75.1,1.4,71.94171064,6.14033326,46.5,1.4,251.1,5,348.5,11.6
76.5,1.4,76.2,0.8,74.75774113,6.94619268,46.6,0.7,251.2,5,354.9,10.3
76.6,1.2,77.5,1.5,75.70184568,3.150771664,46.7,0.7,253,4.5,364.8,28.4
77,1.4,77.9,7.7,76.03445246,4.733793354,46.8,0.7,253.5,9.3,373.6,16.7
77.5,0.8,78.3,1.2,78.35754784,2.221261253,46.9,1,253.8,3.3,384.4,7.1
77.9,0.8,78.5,1.4,85.23142165,4.173649032,46.9,1,255.4,5,388.7,20.8
79.4,1.6,79,3.2,87.07868619,4.551057258,47,0.7,256.5,2.4,393.2,21.5
80.4,1.2,79.3,2,90.22203546,4.891302202,47.1,1.3,259.4,5,396,15.8
84.1,1.2,79.5,1.2,90.88071648,4.122431852,47.3,0.5,260.8,2.7,421.7,16.8
88.6,1.1,80.4,1,90.89485186,3.845705407,47.3,1.8,261.3,3.5,424.8,16.2
90.6,0.9,83.4,0.4,91.89734054,2.755160643,47.4,0.9,261.6,4.2,432.2,27.4
90.7,0.9,84.3,1.9,92.15397451,4.160055095,47.5,1,262.5,4.3,444.6,14.8
91.9,1,84.3,1.1,92.65597775,1.634768087,47.5,0.7,265.6,2.8,541.4,60.3
92.2,0.9,84.4,0.4,95.32360415,2.88135065,47.5,0.9,266.1,3.6,564,20
96.6,2,84.5,3.3,95.61871788,1.17896569,47.6,0.5,268,4.5,649.9,13.3
96.7,2.4,86.1,2,97.12790837,5.110467783,47.8,0.5,268.4,3.6,676.7,58.8
97.3,1,86.3,4.2,140.7456582,3.964922442,47.9,0.7,269.2,5.2,713.9,18.3
97.6,1.9,86.9,0.7,150.4667097,3.72959598,47.9,0.9,272.7,2.8,729.2,71.5
98.7,1.4,87,1.7,365.8336069,9.937188897,47.9,0.5,272.7,6.7,745.2,11.9
99.4,1,88.2,2,373.5956222,16.82979767,47.9,0.4,273.4,3.1,778,11.3
107.9,1.1,88.4,1.4,418.9691669,8.403874253,47.9,0.6,274.4,3.7,895.5,38.3
108.2,1.3,89.1,2,484.1844244,11.54799911,48,0.3,278,9.4,909,20.5
112.5,1.1,90.2,1.6,639.6068991,13.46170971,48.2,0.6,280.4,4,921.4,41.4
114.3,1.9,91.3,1,1056.629371,23.92643494,48.3,0.3,281.5,4.9,931.7,13
129.9,3.3,91.9,2.5,1130.571166,21.93870282,48.3,1.5,283.4,15.4,945.2,14.7
130.5,5.1,91.9,1,1294.424295,27.90158021,48.3,0.5,286.1,5.9,952.3,22.3
131.8,1.4,93,2.2,1314.789019,26.32901655,48.4,0.7,287.2,8.6,953.4,45.7
132.1,2.8,93.9,1.6,1386.272783,6.344174597,48.4,0.4,289.1,4.7,964.6,61.5
134,2.3,94,1.8,1388.841635,39.12898035,48.4,0.8,289.4,6.8,997.3,36.4
134.7,1.3,94,2.8,1415.480222,19.75510742,48.6,3.5,291.8,3,1020.9,19.8
141,1.8,95,3.5,1439.453531,36.06338169,48.7,0.8,293.5,18.7,1029.4,68.1
144.1,3.2,95.8,2.8,1442.108989,17.85154801,48.9,1,294.4,3.4,1031.3,24.9
147.2,3.2,95.9,2.4,1482.241237,32.23992168,49.1,0.5,295,2.9,1033.7,48.7
153.2,1.6,96.1,3.4,1521.595399,15.28446375,49.2,0.5,295.3,8.1,1047.2,31.2
162.4,1.6,96.3,1.9,1529.201591,31.2175233,49.2,0.7,296.4,19.6,1048.1,20.9
165.2,1.6,96.4,2.2,1595.976734,18.61513893,49.3,0.7,300.2,7.5,1049.9,42.6
166.4,1.6,96.7,1.7,1605.111823,22.96143362,49.4,1.1,304.4,9.5,1059.1,22
167.4,1.9,96.8,1.4,1608.27676,7.573394856,49.8,0.5,305,7.8,1059.6,35.6
171.4,3.6,97.3,1.7,1610.382242,48.07329123,50,0.6,308,4.9,1075.3,63.1
179.3,5.8,97.5,2.2,1621.087663,14.43206214,50.1,0.5,309.9,13.4,1077,24.6
179.4,2.1,97.7,1,1652.128359,15.54762366,50.1,0.7,310.9,6.4,1080.1,48
179.8,3.5,97.9,1.1,1653.665136,12.19200704,50.2,2.4,311.5,4.6,1081.7,24.4
180.9,1.8,98,1.5,1662.191587,90.57464213,50.4,0.4,317.4,4.9,1085.8,41.3
182.6,1.8,98.1,2.4,1665.95893,6.752006889,50.4,0.6,318.9,3.1,1088.6,32
184.3,5.4,98.4,1.7,1688.86455,9.95918605,51.3,0.9,321.9,10.5,1094.6,42.2
194.3,1.9,98.4,1.7,1706.270303,5.756413816,51.6,0.3,322.4,14.8,1096.1,58
197.9,1.9,98.5,1.6,1706.667378,9.54076245,66.1,1.7,325.1,3.4,1098.9,22.3
201.1,2,98.8,0.9,1712.681097,10.86264381,66.4,5.1,325.3,3.2,1108.8,31.1
214.5,3.7,99,5.6,1714.099343,7.285413441,67.8,3.9,327.1,6.2,1113.3,23.8
265.2,3.8,100,2.4,1714.914809,12.02760764,68.4,2.4,327.2,3.6,1114.8,11.9
320.1,3.1,100.7,0.5,1715.887351,3.654489172,68.4,1.3,327.7,8,1117,85.4
460.9,4.4,101.2,2.9,1716.143078,6.459024632,68.4,1.8,332.2,12.1,1135.2,32.2
495.2,4.8,101.4,3.8,1717.18108,12.62229923,68.5,3.3,332.8,7.1,1144.3,25.2
513.8,17.1,102.8,2,1717.579386,18.36581003,68.6,1.2,334.3,20.9,1149.8,25
985.2,39.2,103.3,0.8,1721.894857,15.39378091,68.7,1.2,336.8,4.2,1160.7,23.4
1061.1,100,103.9,1.2,1722.636854,9.723057906,69.2,1.3,337,3.4,1165.4,14.8
1117.5,104.4,105.1,0.7,1723.389469,11.14220422,69.7,1.1,337.5,4.4,1171,53
1123.4,31.9,105.3,5.1,1723.946061,10.58165254,69.8,1.7,340.5,11.4,1176.8,78.9
1138.3,93,107,2.5,1725.304661,11.96739147,69.9,0.9,341.2,6.4,1200.6,55.2
1175.4,57.6,113.8,1.1,1727.229979,4.76488952,69.9,1.8,343.4,17.2,1204.7,41.8
1203,32.1,130.6,5.5,1727.972314,6.721152864,70.1,2.5,346.7,5.2,1206.1,18.1
1327.2,75.9,131.9,0.8,1730.199406,25.41493218,70.1,1.9,348,9.5,1214.4,52
1391.6,52,138.6,3.1,1731.264046,5.260241466,70.2,1,349.3,9.7,1230.2,28.3
1437.3,102.7,142.9,2,1735.987402,11.815507,70.3,2.7,350.6,13.7,1235.6,26.5
1450.9,49.7,143.5,2.2,1735.988379,14.40760463,70.3,1.5,350.7,4.8,1263.2,103.9
1483.6,59.3,143.8,2.6,1736.104401,9.744035482,70.4,1.8,351,15.4,1266.9,50.7
1486.4,66.7,144.1,4.6,1739.657058,12.401139,70.4,1.7,351.8,4.8,1284.7,41.6
1538,78.3,144.1,0.7,1741.416884,5.309653457,70.4,1.9,353,3.4,1306.8,29.3
1689.9,53.1,144.9,3.3,1746.645926,5.401295262,70.5,1.7,353.9,7.4,1311.8,28.7
1708.2,75.9,146.2,1.7,1755.198765,17.57435557,70.6,0.8,357.1,3.7,1353,70.4
1708.5,32.4,147,2.7,1756.917426,13.17548058,70.7,2.2,358.2,6.2,1362.2,91
1710.8,100.5,148.3,1.3,1759.279441,10.11751175,70.8,1.7,359.1,6.6,1444.6,56.5
1730,47.5,150.1,3.9,1761.075067,3.282211624,70.8,3.1,362.3,9.5,1455.7,12.8
1735.4,57.6,150.3,0.7,1764.162803,18.09480766,70.8,1.9,364.2,7.1,1463.3,129.5
1745.4,37.6,150.4,1.1,1769.985912,15.38576452,71,2.8,365.1,13.5,1476.7,33.5
67.2,1.8,150.4,3.4,1783.105076,20.39886752,71,1.2,365.5,13.9,1493,171.3
67.2,3.7,150.5,1.6,1786.141237,7.896598854,71,1.3,367.3,5.9,1493.3,88.4
69.9,3.1,150.7,1.6,1787.844634,5.085235021,71,1.5,368.3,1.9,1546.1,98.1
70.6,3.8,150.9,1.6,1793.84894,55.89382449,71.2,2.2,369.7,11.1,1654.1,69.6
71.4,6.2,151.7,3.2,1794.960295,10.05756154,71.2,1.6,371,5.5,1686.1,208.9
71.6,4.3,152.1,2.2,1797.139837,8.484872269,71.4,1.7,372.5,11.7,,
72,2.5,152.2,0.9,1801.89508,7.799877945,71.5,2.1,373,4.5,,
72.9,1.3,152.2,1.7,1850.535365,17.04397415,71.5,3.5,375,4.9,,
75.6,2.4,152.3,3.5,1864.492684,8.583991037,71.6,1.4,376.1,5.9,,
77.6,3,152.5,3.6,1888.560426,49.90486873,71.6,2.5,376.3,1.8,,
79.3,2.8,152.6,2.1,1996.303613,10.67631177,71.7,1.9,376.6,4.4,,
79.3,3,152.6,0.8,2435.342377,3.166229797,71.8,1.7,377.5,6.8,,
80.8,3.1,152.7,1.3,2518.950412,5.66809461,71.8,2.5,377.5,5.5,,
81.4,5.1,152.9,2.1,2626.363351,6.013953393,71.9,1.3,377.7,7.1,,
81.6,4.1,153.1,1.7,2651.44569,6.108363728,71.9,1.5,378.7,8.6,,
84.6,2.7,153.7,1.7,2709.6858,2.185462829,71.9,2.9,381.3,17.3,,
86.7,3.6,154.4,3.6,2740.559501,6.106755511,72.1,3,381.3,5.9,,
92.1,1.5,154.5,2.7,2759.08084,15.36322656,72.2,1.3,382.8,9.5,,
92.7,2.5,155.5,1.7,3081.164006,51.29005755,72.3,2.4,383.5,18.4,,
97.6,3.7,155.8,3.8,71.84535858,8.782744172,72.4,1.5,383.7,7,,
99.2,2.2,155.8,0.8,74.10650206,7.132912967,72.5,2.9,384.4,5.4,,
103.5,4.5,156.2,1.5,83.37007174,2.264907383,72.9,1.7,385,11.9,,
117.2,10.8,156.7,2.2,84.11947304,11.6621689,72.9,3.9,386,11,,
121.1,7.5,157.3,1.3,84.23380836,8.862992535,73,1.4,386.4,12.5,,
121.9,4.2,158.2,1.6,86.17000529,0.840085711,73,2.4,386.4,5.8,,
124.1,4.9,159,3.1,86.36966171,1.863366598,73,1.9,388.4,12.7,,
125.1,2.9,159.2,0.8,86.77881007,4.157322116,73,1.9,389.8,9.4,,
125.3,4.9,159.5,3.5,86.97464482,6.199450021,73.1,3.6,390.2,4.4,,
125.8,8.4,159.7,2.7,89.89932602,8.584913657,73.1,2.6,392.3,4.2,,
128.5,4.5,160.3,1.9,91.11606968,4.708625453,73.1,3,393.7,6.4,,
130.2,11.7,160.9,2.4,432.904176,20.17739471,73.3,1.9,394.2,6.7,,
135.6,4.8,161.7,1.6,455.371021,15.1049196,73.4,1,394.3,14,,
136.9,4,161.8,1.9,465.2640646,16.79320573,73.5,1.7,394.5,10.1,,
142.4,5.9,162.2,0.8,468.2419596,20.73534599,73.5,5.6,396.2,15.3,,
145,5.6,162.4,3.2,472.1984231,27.77197409,73.6,3,396.3,20.9,,
149.3,5.9,162.6,3.2,492.2393831,11.01579356,73.6,2,396.6,9.8,,
152.9,5,163.3,3.1,1023.968148,149.5806296,73.6,2,397,5.4,,
158,4.9,163.4,1.6,1024.398023,46.04106434,73.7,2.5,400.7,7.8,,
159.7,2.3,163.6,1.2,1026.762158,29.60716958,73.8,2.9,402.5,3.1,,
162.2,4.6,163.9,2.3,1030.811834,54.31607273,73.9,1.9,402.5,6.2,,
166.6,6.2,163.9,3,1039.881946,129.9932617,73.9,2.7,402.6,7.2,,
168.8,11.7,164.1,1.1,1089.354866,23.25262734,74.1,2.7,403.2,7.6,,
172.8,10,164.1,1,1151.327682,28.45631589,74.3,2.2,403.3,9.2,,
173.4,5.6,165.1,1.5,1182.834738,40.29473813,74.3,3.1,403.8,12.6,,
187.5,8.5,165.5,2.8,1210.351124,45.32629868,74.4,1,404.3,13.3,,
241.2,8.7,165.9,6,1261.884764,159.9787237,74.6,1.5,404.4,4.7,,
246,7.4,166,1.7,1351.041778,11.45915453,74.6,2.4,404.5,4.4,,
247.2,8.8,166,2.3,1381.674835,15.42641402,74.8,3.2,404.6,3.9,,
254.4,3.1,166.1,2.2,1391.359239,10.9319412,74.9,2.8,405.5,4.8,,
257.3,7.1,166.2,1.3,1407.159939,73.52266419,74.9,2.5,406.2,5.3,,
284.1,3.5,166.3,1.7,1447.92752,21.9396479,74.9,1.2,406.3,8.7,,
346.2,12.7,166.4,3.6,1463.819151,41.13699054,75.1,0.9,406.9,5.3,,
364,7.3,166.4,5.2,1483.171933,11.26906806,75.1,2.5,407.8,16.1,,
387.9,19.1,166.8,4.5,1520.804398,14.10415395,75.1,3.8,408.1,5.1,,
429.8,14.2,167.1,5.6,1532.98287,6.257445832,75.2,2.4,408.2,4.8,,
442.8,36.6,167.2,6.2,1602.359671,48.38465435,75.3,1.8,408.7,4,,
447.1,13.5,167.5,5.9,1662.34118,20.52864615,75.4,3.2,409,14.3,,
462.7,18.8,168.1,1,1664.768427,18.6767047,75.5,1.7,409.3,5.8,,
475.6,26,168.4,12.1,1687.266282,5.809841747,75.7,2.1,409.8,9.4,,
494.6,9.3,168.6,1.7,1693.159448,8.062569972,75.8,2.1,409.8,11.9,,
519.5,12.3,168.8,4,1694.099012,10.61483867,76.1,3.1,410,4.2,,
564.8,11.5,169.1,1.2,1696.288803,15.30811687,76.2,1.2,410.5,13.5,,
570,19.9,169.2,1.6,1696.607026,23.26234211,76.3,0.7,410.6,5.2,,
929.4,24.6,169.4,2,1701.140624,9.53407249,76.5,1.4,410.8,2,,
938,32,169.5,2.6,1708.409168,15.55793993,76.7,2.9,411.3,11.5,,
1033.9,27.9,170.1,3.4,1708.939568,21.75677899,76.7,0.8,411.5,5.8,,
1064.3,21.5,170.3,2.9,1710.836667,18.1356284,77.1,2.3,412.1,10.6,,
1082.4,22.8,170.7,9.7,1713.267007,20.48417341,78,3.1,412.2,15.5,,
1100,22,171,2.1,1715.371396,20.05303767,78.2,1.8,412.5,10.2,,
1101.8,34.4,171,2.5,1717.216927,20.07994098,78.3,2.4,412.6,6.4,,
1208.3,22.1,171.1,1.4,1718.437338,10.41297229,78.5,3.8,412.7,6.2,,
1810.9,18.7,171.8,5.3,1721.058792,7.45267361,78.7,1.1,413.6,5.1,,
1843.9,18.8,172,1.2,1721.490965,18.35271397,78.7,1.3,414,15.7,,
1844,45.6,172.1,4.8,1721.636841,27.07967992,79,1.1,414,9.9,,
1950.9,54,172.6,5.3,1725.174834,11.12843091,79.1,1.1,414.2,11.7,,
2007.3,52.4,172.9,2.5,1726.849964,7.176167256,79.3,2.8,414.5,6.2,,
2073.4,19.4,173.1,2.2,1729.038675,23.47418899,79.7,1.5,414.5,2.9,,
2103,17.8,173.3,3.2,1734.354958,19.9012485,79.9,5.4,415.1,12.1,,
2112.7,17.8,173.4,1.2,1736.153658,13.98084246,80.1,0.6,415.7,10.3,,
2942.9,20.9,173.9,1.8,1737.917234,14.55074213,80.2,0.9,416,21.5,,
74.7,1.9,173.9,4.7,1743.136429,14.84357523,80.2,1.9,416.3,3.5,,
76.7,2.1,174.1,7.3,1765.946607,9.917385161,80.5,1.8,416.4,8.4,,
78.5,3.1,174.6,2.6,1766.752472,8.975262159,81,2.7,416.6,5.4,,
79.9,1.2,174.6,3.2,1775.75819,24.82407276,81.2,1.1,416.6,7.6,,
79.9,1,174.8,4.3,1776.962182,17.40078764,81.2,0.6,417.2,6,,
80.6,4.3,175.4,2.5,1784.110552,12.62055385,81.4,1.7,417.3,5.4,,
80.6,1.4,176.1,5.8,1786.705874,17.2179476,81.6,1.5,417.6,5.8,,
82.2,3.2,177.2,3.3,1788.606467,11.96809869,82.2,1.3,417.6,6.4,,
82.4,2.7,177.2,1.3,1812.69472,8.5141804,82.5,2.9,417.6,4.2,,
84.2,5.3,178.1,2.9,1830.588783,26.64856709,83.2,1.8,418,4.4,,
85.2,2.4,178.3,3.2,1835.91809,33.7784201,83.5,1.2,418,8.5,,
87.6,1,178.5,2.4,1843.161275,27.1337092,83.7,3.2,418.7,5.8,,
88.1,3.8,178.6,2.4,1843.169922,30.05378699,84,1.8,419.7,5,,
88.7,2.9,178.9,6.4,1845.250358,104.2190522,84.1,2.7,419.9,7.2,,
152.6,4.7,179.8,2.2,1850.088893,15.96241974,84.1,1.5,420,4.1,,
155.4,7.7,179.9,3.6,1873.690794,30.34850729,85.2,0.9,420,4.1,,
155.7,3.4,179.9,5.5,1916.799082,23.27033352,85.3,0.7,420.2,4.1,,
157.2,3.1,180.4,3.1,1926.333934,31.79529227,85.6,1.6,420.6,6.7,,
157.5,4.6,180.4,1.8,1936.513651,13.81363498,85.9,1.7,420.8,9.8,,
158.4,4.1,181.2,2.4,1938.185187,23.75420315,86.1,2,421.5,4.1,,
161.2,4.1,181.8,10.1,2014.187632,28.05358962,86.7,1.4,422.1,4.5,,
166.6,10.2,182,2.3,2144.852001,3.818427388,87.9,2.4,422.1,14.6,,
167.6,6.3,182.3,1.8,2324.720224,5.623757153,89.5,4.1,422.3,7.9,,
169.8,8.2,183.2,1.3,2455.072543,5.422338463,89.7,2.5,422.7,13.1,,
173.8,5.7,183.4,4.7,2493.627536,10.73827008,91.1,8.1,422.9,4.8,,
214.4,5.2,184.6,3.3,2494.563001,12.51970322,91.2,2.1,422.9,11.5,,
239.3,5.9,185.2,1.6,2566.911612,5.366103749,92.2,1.6,423.2,18.7,,
239.5,9.9,186.1,8.1,2586.682779,3.910166815,92.4,2.2,423.8,5.5,,
249.6,6.6,186.8,3.6,2626.305866,11.51688946,92.7,1,423.9,5.5,,
278.9,7.5,187.1,3.8,2633.767147,10.92454062,93.4,0.6,423.9,3.8,,
300.8,19.1,188.1,3.3,2709.620126,9.145136639,93.4,2.1,424.4,8.7,,
390.7,8.8,188.2,5.1,2711.669048,14.40240729,93.5,2.2,424.5,6.9,,
436.3,8.2,188.4,6.1,2720.344807,6.267909331,94.3,1.1,424.5,4.6,,
439.9,8,189.2,0.9,2724.3112,19.35441994,95.5,2.4,424.7,8.2,,
457.1,7.5,189.3,3.4,2765.976386,8.466637472,96.2,2.3,425.3,8.6,,
457.9,5.9,189.6,0.9,2770.286642,3.649078059,96.5,2.6,425.8,5.9,,
458,13.9,190.2,3.7,2776.464081,8.862325661,96.6,5.3,426.1,21.1,,
471,23.7,190.8,3.5,2787.509789,12.18008162,96.8,2.5,426.1,9.1,,
483.1,7.4,190.9,4.3,2887.321087,25.70890478,96.9,2.6,426.7,7.6,,
505.7,11.8,191,1.9,3090.511027,20.07776184,97.1,3.1,427.7,7.5,,
507.5,28.4,191.1,2.4,83.9,4.1,97.1,1.7,428.6,29.6,,
538.9,18.2,191.2,2.5,93.3,2.3,97.2,2.5,429.4,4.2,,
573.4,16.2,191.4,3.7,93.8,1.7,97.5,2.1,430.4,6.9,,
597.2,40.6,191.7,1.3,94.2,1.6,97.7,0.8,430.9,5.8,,
709.7,9.6,191.8,6.3,97.8,2.4,97.8,1.3,431.2,5.6,,
761,8.7,192.4,2.3,98.5,3.8,98,2.1,432,9.3,,
789.9,15.3,194,3.5,98.9,2.3,98,2.4,432.4,4.2,,
804,25,194.4,3.9,99.2,2.4,98.1,1.5,432.5,4.7,,
912.6,44.8,194.4,5.5,102.6,4.4,98.2,3.2,432.9,11.5,,
920.1,37.3,197.9,3.2,103.6,1.7,98.6,2.5,432.9,12.3,,
970.8,81.6,204,8.2,105.1,6.8,98.7,1.6,433.5,10,,
1031.8,34.9,205.8,5,118.4,4.8,98.8,2.2,434.7,9.1,,
1049.4,30.3,206,3.9,159.9,6.9,98.8,5.5,435.1,9.8,,
1057.1,30,207,3.9,235.3,6.9,98.8,1.8,435.3,4.7,,
1084.4,28.7,209.4,5.4,344.2,6.5,98.8,2.5,437.2,18.7,,
1104.3,25.4,211,3.2,400.5,4.4,98.9,5.5,437.4,9.9,,
1125.1,33.6,211.6,4.8,443.7,10.8,99,1.4,437.4,6.6,,
1135.5,35.8,213,5.8,588.1,18,99,3.4,437.5,4.2,,
1180.3,23.1,215.6,4.1,678.7,14.9,99,1.4,437.6,4.5,,
1225.2,19.8,217,3,691.6,24.5,99.1,3.4,438.1,4.4,,
1299.6,48.9,217.3,4.8,720.5,9.7,99.1,2.1,439.4,3.1,,
1301.9,45.4,217.8,11,982.2,18.4,99.2,1.9,439.5,4.9,,
1381.8,26.6,217.9,4.9,1044.2,21.8,99.3,3,440.6,7,,
1460.1,30.6,218.7,4.5,1053.4,18.1,99.3,3.8,441.1,7.7,,
1588.5,23.6,219.5,2.2,1076,32.6,99.4,1.9,441.4,15.7,,
1641,42,219.8,1.6,1085.3,29.5,99.5,1.8,441.5,4.3,,
1653.6,43.8,220.6,3.9,1096,20.1,99.5,1.5,442,9.9,,
1689,37,221.5,3.8,1143.9,50,99.6,2.4,442.8,7.3,,
1691.3,29.9,222.3,4.5,1207.2,26.1,99.6,4.5,443,3.7,,
1768.3,75.2,223.1,2.7,1297.1,53.7,99.7,3.3,443.2,6.1,,
1778.8,34.3,224.5,6.3,1355.2,34.9,99.7,3.1,444.7,11.2,,
1789.9,32.2,225,10.8,1379.3,12.2,99.8,0.7,444.7,5,,
1799.7,23.7,226,2.5,1382.8,35.3,99.8,2.7,445,4.3,,
1842.6,27,226.3,2.2,1391.6,15,99.8,3.2,445,10,,
2427.3,27.1,226.8,2.7,1394.8,16.2,99.8,2.4,446.3,12,,
70.7,4.5,227.1,3.7,1431,26.7,99.9,1.7,446.4,2.9,,
71.9,5.1,228.2,5.5,1438.2,19.7,99.9,6.3,446.6,7.8,,
106.3,6.5,229.1,2.4,1438.6,22.5,100,2,446.8,5.3,,
107.8,1.2,229.3,3.8,1439,24.7,100.1,2.9,447.6,11.9,,
108.1,4.3,229.5,2.5,1454.4,21.6,100.3,2.3,447.6,3.8,,
118.6,2.4,229.9,4.8,1468.1,154.6,100.3,1.5,447.8,4.3,,
123.5,4.7,231,4.8,1506.3,17.9,100.4,1.6,448.6,7.3,,
133.4,4.5,231.2,4.2,1564.6,39.8,100.6,1.8,448.6,4.3,,
135.6,3.5,231.3,8,1598.8,16.1,100.6,1.5,448.9,11.7,,
136.7,3.8,231.5,2.3,1627.6,15.3,100.7,2,449.1,9.8,,
145.7,8.2,232.2,3.8,1630.9,23.1,100.7,2.5,449.8,6.8,,
150.4,8.1,233.2,2.9,1649.2,11.4,100.9,4.7,450.2,21.2,,
150.8,3,233.5,4.7,1697.1,27.4,101,4.5,450.2,13.8,,
153.7,4,236.1,9.5,1699.3,10.6,101.1,3.3,450.4,2.2,,
155,4.9,236.8,2.4,1700.6,7.6,101.2,4.6,452.5,3,,
155.8,8.4,238.5,7.1,1703.5,15.6,101.2,7,453.1,12.3,,
156.8,8.8,239.4,3.5,1703.9,30.7,101.2,1.3,453.2,5,,
159,9.8,241.6,3.5,1705.4,13.3,101.3,1.5,455.9,4.4,,
159.2,3.3,244.4,3.4,1707.5,13.8,101.3,2.9,456.3,13.1,,
159.2,13.4,244.8,6,1707.7,7.6,101.3,1.5,456.7,8.8,,
159.9,5.9,245,3.7,1710.3,12.6,101.5,2,456.7,13,,
163.4,2.9,245.6,3.9,1712,10.1,101.7,1.5,457.1,11.6,,
163.4,2.7,247.2,3.9,1713.3,27,101.7,2.8,457.7,6.7,,
168.2,4,250.8,2.7,1715.5,11.1,101.8,2.1,457.8,7.3,,
172,5,254.4,1.4,1716.4,10.1,101.8,2.4,459.1,8.7,,
182.1,12.9,256.9,10.5,1720,12.3,101.8,3.8,459.7,27.8,,
192.6,10.2,258.6,5.2,1734.9,29.2,101.9,1.3,460.3,4.4,,
212.1,9.6,258.9,2.5,1736.4,8.7,102,1.5,462.3,14.1,,
236.4,2.4,259.8,4.8,1740,16.7,102,1.7,462.7,4.8,,
246.8,3.5,264.4,6.2,1740.6,9,102.2,4.5,463.2,4.5,,
253,13,266.7,2.6,1746,52.5,102.2,2,464.1,12.1,,
265,8.1,271.5,1.9,1760.4,74.4,102.3,1.5,464.2,8.8,,
286.9,8.8,275.8,2.3,1782.2,12.2,102.4,1.3,466.7,4.5,,
365.6,9.3,315.4,2.3,1786.6,6.2,102.4,3.1,467.1,4.5,,
429.2,7,333.6,7.9,1800.9,7.7,102.5,2.1,467.9,4.6,,
430,14.9,341.8,12.7,1803,10.9,102.5,4.2,468.2,6.6,,
434.5,8,351.9,4.7,1808.3,10.4,102.6,2.6,470.7,11.8,,
438.5,16.4,353.5,3.4,1816.2,16.9,102.6,3.6,470.8,8.4,,
454.2,10,355,4.9,1836.7,18.8,102.6,1.5,470.9,9.6,,
455.2,11.6,374.8,8.5,1842.6,23.7,102.7,3.1,473.7,12.7,,
456.1,10.6,376,6.2,1844.3,10.8,102.9,1.6,474.1,4.6,,
495,6.8,381.2,2.3,1850.5,10.2,103.2,2.6,474.9,6.3,,
535.7,29.8,383.8,2.2,1872.2,5,103.2,2.6,475.6,11.9,,
558.7,10.9,384.3,3.7,1896.9,9.6,103.2,2,477.2,5.4,,
687.8,19.1,385.1,5,1906.2,21.5,103.6,1.4,478.3,7.6,,
875.6,13.3,389.8,6.3,1910.5,14.4,103.6,1.7,479.3,5.8,,
995.1,23,408.1,5.9,1914,25.8,103.6,1.2,479.8,5,,
1000.4,18.3,412.9,2.8,2022.9,51.3,103.6,3,481.6,23,,
1010.6,22.1,413.4,7.5,2079.2,10,103.6,3.4,482,12.2,,
1030.5,23,414.4,14,2083.3,12.5,103.7,2.5,482.1,12,,
1033.5,45.7,416.4,10.1,2085.4,8.2,103.7,3.9,482.2,11.7,,
1035.3,30.8,419,3.7,2086.4,13.8,103.8,1,482.7,4.7,,
1059.1,20.7,425.3,5.5,2456,6.7,103.8,2.2,484.8,5.3,,
1063.4,49.1,442,5.9,2459.8,12.2,103.8,1.3,485.4,4,,
1082.8,21.2,446.2,5.2,2527.9,16.8,103.9,5.8,486.1,20.6,,
1137.8,104.5,446.6,2.2,2712.7,6.6,104.1,4.3,487.8,21.7,,
1144.4,35.2,447,10,2716.5,12,104.1,2.2,490.1,6.1,,
1168.9,14.6,448.7,8.7,2989.1,5.3,104.2,1.8,491.7,4.7,,
1318.5,35.8,455,23.2,90.35065233,1.774527537,104.3,4,496.3,7.4,,
1393,40.9,472.8,3.8,95.87545786,1.92283166,104.3,3.2,498.5,12.7,,
1427.4,49.1,506.2,8.5,142.2927435,2.559646732,104.4,1,499.3,3.4,,
1448.6,38,516.1,8.7,317.2778201,8.265597165,104.4,2.3,505.7,11.6,,
1498.1,29.4,516.3,10.1,317.7486251,9.523931301,104.5,3.8,508.9,12.5,,
1521.5,60.1,550.1,7.8,401.9891516,11.66550409,104.6,1,510.7,8.2,,
1533.8,54.6,550.2,5.7,416.3880833,7.890451559,104.7,4.2,512.5,8.9,,
1560.3,52.1,565,9,428.1533799,11.78660986,104.7,0.9,516.9,7.7,,
1625.3,54.7,589.5,9.9,630.8047833,11.81788268,104.8,1.4,517,9.8,,
1655.5,26.7,595.8,10,895.3667954,11.81921902,104.9,2.5,517.6,67.2,,
1657.1,39.9,595.9,2.8,978.5302302,69.02749317,105.6,5.4,517.6,67.2,,
1694,41.8,598.6,5.4,1002.568961,26.60826118,105.7,2,518,5.4,,
1704.9,29.6,601.5,4,1007.726469,30.07029524,105.8,2.2,518.9,5.5,,
1717.5,69.6,610,6.8,1064.765922,13.12171418,106.9,1.3,519.2,14.3,,
1759.6,35.5,611.3,6.1,1070.098774,104.8964453,108.6,5,521.5,10.3,,
1774.6,25.2,616,8.5,1092.530052,51.77337219,108.8,4,521.6,5.5,,
1782.8,48.7,622.2,8.2,1098.534579,41.39848882,109.4,3.7,522.5,27.5,,
1821.2,27.6,633.4,7.9,1108.315782,59.98737306,109.5,4.6,523,7,,
1887.9,24.5,634.8,11.2,1119.2096,37.85125475,110.2,2.1,524.6,6.7,,
2351.2,79.9,635.6,6.1,1147.013188,25.39613968,110.2,2.6,527.7,8.3,,
63.2,5.6,637.4,14.9,1174.847922,4.57005371,110.5,3.6,528.5,6.3,,
79.6,2,649,4,1178.666937,9.274940883,110.6,1.7,528.6,11.6,,
81.2,3.6,654.8,10.6,1247.024405,17.35014101,110.7,2.5,529.3,5,,
82.5,4.6,798.4,12.9,1251.402943,53.6679938,110.9,3.4,529.5,5.9,,
83.4,3.5,857,32.1,1259.793674,8.340206558,111.1,3.5,531.1,5.1,,
85.4,4.5,887.6,7,1315.816851,9.70528484,111.7,5.2,531.9,7.1,,
91,2.4,944.4,26.4,1332.697629,39.65465332,111.9,2.8,534.5,19.3,,
93.1,3.2,948.4,8.8,1342.546054,8.645523969,112,2.2,539.3,5.5,,
93.3,2.5,983.4,52.4,1351.616118,45.89333413,112.1,4.1,541.3,19.4,,
93.6,6.2,983.7,73.8,1366.167165,23.1093593,112.2,2.5,542.1,18.2,,
94.6,6.6,992.9,54.7,1380.831131,14.68455534,112.4,3,542.5,23.6,,
95,5.2,998.2,8.4,1381.209433,14.29208016,112.5,2.6,543,11,,
96.8,6.5,1001.1,46,1396.333501,8.630750137,112.7,2,543.2,7.9,,
97.9,6.2,1002,59,1437.010438,25.6350725,112.7,4.6,543.7,8.7,,
98.3,3.3,1008.1,12.7,1438.299769,10.30351572,112.9,1.3,544.2,5.2,,
101,3,1012.2,63.7,1448.155469,7.968733422,113.3,1.1,544.3,13.6,,
104.5,5,1019.5,50.5,1464.898773,14.10917981,114,3.9,544.7,5.2,,
107.7,4.1,1020,35.9,1501.327176,35.49423867,114,3.4,545,7.6,,
114.5,4,1021,29,1553.471361,19.91514053,114.4,1.4,545.6,17.7,,
117.3,3.2,1021.5,78,1570.223167,10.18266593,114.6,11.1,546,13.9,,
118.3,6.8,1023.5,48.2,1606.623941,13.26038336,115.4,3.7,546,15.4,,
124,11.5,1025.7,68.8,1609.555889,5.019793352,115.8,2.4,546.2,15.4,,
124.5,3,1029.1,23.1,1629.26637,15.63244449,116.2,1.2,546.9,9.5,,
125.4,11,1030,63,1635.625408,25.42280122,116.2,4.2,548.8,9.9,,
126.3,4.1,1031.8,57.7,1636.756175,10.38462026,117.8,4,548.8,13.4,,
126.9,9.6,1039,21.4,1649.463742,27.66476376,119.1,8.7,552.8,6.9,,
127.5,10.6,1039.1,56.5,1653.649731,11.39894048,119.2,4.6,554.5,22,,
128.5,5.7,1040,28.3,1657.940987,13.56208507,119.2,3.2,558.5,7,,
129.6,3,1043.4,52.3,1666.385965,9.490271935,119.6,4.4,558.6,18,,
129.9,2.1,1043.9,35.7,1704.746152,17.97944053,119.7,2.8,560.3,16.7,,
130,3.9,1045.8,12.4,1709.926207,16.52440281,120,1.6,561.1,10,,
130.8,8.2,1045.9,29.5,1712.017288,10.5996072,120.1,2.2,561.1,6.4,,
132.3,2.8,1049.4,36.2,1713.650696,12.46487212,121.8,4.9,563.2,9.1,,
133,3.6,1055,15,1715.169887,23.1358026,122.7,11.1,565.3,15.9,,
133.9,6.4,1056.9,57.6,1715.651341,8.986339824,123.9,1.5,567.4,9.5,,
135.7,6.1,1056.9,40.7,1715.688848,20.94484904,129.7,3.2,569,4.9,,
136.6,7.7,1057,50,1716.610281,7.133485429,131.6,4.1,569,13.3,,
138.8,8.3,1058.9,50.9,1717.688103,9.584677764,132.7,2.9,571,7.9,,
139.4,4.1,1059.5,28.5,1717.762204,12.44771608,137.5,4.6,571.8,18.2,,
139.9,7.3,1060,20.2,1718.146678,12.95655926,138.5,2.3,572.4,18.1,,
141.5,4.6,1061.6,21,1719.76434,7.045161164,139.6,10.6,573.1,5.6,,
150.2,10.6,1063.6,87.4,1724.448185,10.62459851,144.4,4.2,574.2,8.5,,
155.6,4.2,1064.1,51.3,1727.876112,61.47245006,144.7,4.9,574.3,9.5,,
156.1,3.9,1065.8,99.3,1734.813369,17.67659084,145.7,3.9,575,9.2,,
156.1,4.5,1066,14,1734.938267,14.12429409,146.3,3.9,575.2,24.7,,
156.8,6.8,1066.4,92.3,1737.396437,39.27618838,146.7,2.4,575.7,10,,
160,6.8,1067.6,57.2,1742.682343,16.32510167,147.3,3.8,576.4,12.4,,
160.1,3.8,1067.7,32.8,1753.776779,31.42452516,147.6,4.4,578.6,6.5,,
161.3,5,1071.8,38.8,1755.661596,42.81340783,148,1.9,578.7,8.6,,
162,13.4,1072.3,41.8,1762.530194,27.4783093,148.8,2.3,579,10.1,,
162.7,13.3,1073,15,1767.992612,11.84351208,148.9,1.6,579.5,12,,
168.6,5.5,1074,71,1774.911191,8.062709166,149,3.6,580.6,11,,
177.8,15.5,1074.1,33.9,1777.828615,10.66883781,149.3,3.2,580.7,6.7,,
214.9,17.8,1074.9,84.6,1780.388413,26.67518957,149.5,1.3,580.9,6.2,,
238.2,13.7,1075,10.1,1785.48567,42.80197317,150.3,3.9,583.5,8.2,,
250.1,16.1,1077.7,63.1,1792.373362,53.53102676,150.3,2.5,583.6,10.8,,
252.9,7,1079.6,50.1,1795.998811,14.12111795,151,1.1,584,5.7,,
253.8,4.1,1082,33,1796.897697,10.36591406,152.7,2.1,584.8,20.8,,
258.5,4.2,1083,22,1797.409735,9.008257988,152.9,3.3,584.9,10.4,,
259.8,8.5,1083.8,55.6,1803.908426,13.84400019,153.2,3.2,586.7,11.3,,
269.4,9,1086.7,78.6,1804.076408,4.782150498,154,2.5,586.8,14.3,,
282.3,25.2,1088.4,39.5,1849.408987,16.54542367,154.2,2.8,588.3,7.1,,
330.6,9.5,1090.5,58.8,1852.228697,21.87668361,154.3,2.6,588.7,17.8,,
1019.3,49.7,1090.8,36.4,1888.418026,7.635517642,154.6,3.9,589.5,10.4,,
1031,46.2,1091,14,1892.71039,30.61166973,155.2,5.3,589.6,5.4,,
1036.7,44.2,1094.2,35.8,1915.031322,19.27590459,155.6,4.3,591.2,14.7,,
1057.3,43.7,1094.8,18.9,2157.020459,85.82976423,156.2,3.6,592.8,5.7,,
1067.9,39.1,1095,73,2499.397309,24.35383369,156.4,3.1,593.7,21.3,,
1135.2,35.7,1095,56.6,2589.050341,10.02860893,156.7,3,596.3,13.3,,
1138.8,36.1,1095.9,50.7,2596.73092,12.69471806,156.8,0.8,597.2,12.7,,
1144,53.8,1098.9,25.6,2605.092894,10.41239687,157,1.4,597.3,20.4,,
1190.6,37.5,1099.8,49.5,2649.120099,7.952246528,157.2,3,598.8,16.4,,
1203.3,49.4,1100.8,45,2722.181579,4.1943413,157.4,1.6,599.2,7.9,,
1213.5,28.8,1102.6,42.8,2723.987553,5.318520466,157.4,2.6,601.7,17.9,,
1433.3,19.1,1103,85,2739.220821,9.911492584,157.6,1.4,602.8,8.4,,
1457.9,32.4,1103.5,28.9,2770.460094,4.56326638,157.7,6.7,602.9,10.3,,
1566.3,61.1,1104.7,60.1,2869.029728,24.62532795,158.1,0.8,604,6.8,,
1636.9,31.5,1105.7,27.7,2946.306244,7.675558195,158.5,2,604.3,11.4,,
1647.8,29.2,1105.7,26,3075.664085,15.84042982,158.9,2.9,605.4,5.8,,
1672.5,31.1,1107.8,30.9,3134.388613,5.853990324,159,3.3,605.5,15.5,,
1741.5,32.3,1108,46,3252.757638,12.18591909,159.1,2.2,605.7,6.6,,
1760.2,37.8,1108.1,27,74.88822,1.969771,159.9,3.9,606,10.8,,
1778.6,41.6,1115,85,80.59634,1.0995415,160,11.1,606.5,5.8,,
1867.8,56.1,1116.7,62.7,80.99552,1.4844335,160,2.5,608.3,11.7,,
2715,28.4,1122,14,81.1435,1.296113,160.2,2.4,608.4,10.9,,
80.3,3.4,1123.1,61.3,86.57011,0.8529645,160.3,1.6,609,8,,
81.6,6.5,1123.1,42.5,87.63911,1.883339,160.4,1.9,609.1,7.4,,
82.6,1.6,1123.6,38.7,90.92,0.934347761,160.5,2.4,609.2,8.4,,
83.3,5.3,1123.7,68.2,94.17815,1.2794355,160.6,2.5,612.8,13.2,,
87.3,3.6,1129.1,43.6,97.31424,1.387161,161,1.6,613,8.7,,
88.7,3.5,1129.8,21.2,97.96822,1.328519,161.2,3.3,614.3,5.9,,
89,7,1134.5,16.3,201.4154,2.785444,161.3,2.5,616.6,13.5,,
91,5.3,1147,32,307.5537,3.035671,161.7,7.2,617.9,19.3,,
92.9,2.2,1148.8,42.9,357.9406,5.928775,161.7,4.6,617.9,5.9,,
93,4.6,1150,81,405.0506,5.37052,162.6,2.1,619.3,21.7,,
94.9,6.2,1153.2,20.2,433.1137,5.295915,163.2,4.3,619.9,14.1,,
94.9,4.5,1155,58,476.0189,5.428525,163.6,10.7,621.3,24.1,,
95.8,2.2,1155.6,61.9,476.5963,8.624275,164.1,2.5,621.6,9.7,,
99,6.1,1158.9,19.9,528.2496,6.87506,164.2,4.9,621.7,12,,
99.9,5,1159.6,47,1027.264,42.67855,164.5,3.2,622,9.4,,
100.7,6.6,1159.8,30,1030.843,49.10336,164.7,1.6,622.2,13.8,,
102.7,9.1,1160.1,27.8,1044.143,42.81283,164.9,2.1,622.5,16.5,,
105.1,5.1,1161.4,28.2,1079.027,36.364025,165,5.6,622.8,9.1,,
106.2,4.4,1164.2,19.8,1091.145,20.922715,165,4.9,623.6,11.1,,
117.7,8.8,1164.7,53.6,1127.516,65.67125,165.1,0.8,624.2,11.2,,
126.2,5.2,1167,44,1222.619,37.80261,165.1,0.9,625,13.2,,
127.1,3.6,1169.1,26.5,1293.707,48.031825,165.7,3.5,625.6,10,,
127.7,6,1171.2,28.1,1315.244,88.99145,165.7,0.8,625.9,9.2,,
129,4.3,1173.2,20.1,1326.33,40.87154,166.1,1.1,627.3,6,,
130.3,3.6,1175,50.7,1363.11,45.566335,166.2,5.7,627.6,8.4,,
131.3,5.5,1176.5,21.6,1370.801,29.030365,166.2,2.3,627.7,8.1,,
131.8,10.4,1178,104,1390.399,37.052865,166.2,1.3,628.1,7.5,,
132.4,5.6,1180.4,59,1399.605,52.77665,166.2,5.9,628.6,25,,
133.2,6.4,1180.5,27.4,1411.314,31.567265,167,5.3,629,6.2,,
133.9,3.1,1181.4,19.8,1416.676,73.03605,167.4,5.3,629.5,11.2,,
134.1,8.7,1182.1,25.2,1431.255,58.50705,167.5,1,629.5,10.9,,
134.9,5.1,1182.2,27.7,1498.175,46.80357,168.1,4.2,630,6,,
135.2,7.3,1184.8,45.8,1501.368,50.63685,168.4,12.1,630.3,18.4,,
136.4,5.4,1185.7,40.9,1531.177,47.05344,168.5,5,630.6,6,,
137.1,8.5,1190.3,19.8,1580.593,37.394785,168.7,9.6,630.7,10.5,,
137.2,7.4,1194,54,1585.699,27.644815,168.8,4.1,630.8,23.5,,
137.4,11,1197.3,65,1586.018,62.8698,168.8,2.4,630.9,6.4,,
137.5,7.1,1203.1,52.5,1590.63,81.3341,168.8,3,630.9,8.5,,
137.8,5.4,1205.5,56.5,1599.116,44.89579,169.2,11.6,633,18.3,,
138.4,8.7,1206,67,1604.914,29.67499,169.2,2.7,633,20.6,,
138.6,6.1,1206.5,58.9,1620.061,49.988725,169.7,3.2,633.2,8.4,,
139.4,6.5,1209.4,35.3,1622.453,35.65379,169.7,5,636.5,6.1,,
139.4,7.9,1209.4,30.9,1623.793,31.853605,170,5.6,638.9,11.3,,
140.5,5.5,1213.1,19.7,1625.188,41.41018,170.1,4.1,641.2,9.8,,
142.7,13.2,1214.4,55.8,1629.681,34.726675,170.5,3.1,641.4,6.1,,
144.1,3.7,1216.2,42.9,1633.937,46.37465,170.8,2.1,642,6.6,,
148.1,8.9,1221,24.7,1637.317,46.44237,171.1,5.8,642.2,30.7,,
149.4,4.3,1224.3,30.7,1643.394,44.58293,171.2,4,642.3,21.5,,
155.3,4.1,1239.3,20.6,1645.778,49.57277,171.2,3,642.7,3.1,,
158.8,6.9,1241.3,104.2,1646.853,45.00629,171.3,5.5,643.1,17.3,,
160,11.9,1242.8,35.9,1649.84,33.264175,171.9,4.3,643.9,11,,
346.7,27.3,1247.7,21.7,1653.647,75.72765,171.9,3,644.3,16.3,,
365.3,11,1258,67,1654.403,70.68405,172.1,2.9,645,9.7,,
407.7,9.3,1259.2,58.7,1656.206,47.99965,172.4,4.6,645.8,18,,
430.5,9.3,1259.6,19.4,1660.173,33.306825,172.5,5.1,646.4,8.6,,
482,19.7,1264.4,58,1661.424,48.62423,172.5,2.6,646.6,5.7,,
519.9,33.1,1264.9,104.7,1663.617,36.65687,172.8,1.8,646.6,10.1,,
573.3,49.2,1266.2,60.8,1665.713,55.24165,173.1,1.7,649.6,6.4,,
579.9,16,1268.3,36.1,1668.199,32.79815,173.2,3.5,651,8.6,,
621.6,20.9,1270,45,1670.887,55.90595,173.3,1.8,651.2,4.5,,
638.7,19.5,1274.3,24,1678.965,37.319915,173.5,1.7,653.1,13.2,,
652.8,31.1,1279.4,42.3,1684,45.18782,173.8,7.5,656,27.3,,
714.7,19,1289.8,29,1692.263,45.706185,173.8,2.7,656.2,16.1,,
761.2,10.3,1304.1,31.2,1693.125,36.96697,174,2.7,666,14.7,,
768.3,24.5,1310.7,56.1,1695.842,47.51405,174.3,16.4,678.1,27.1,,
887.8,53.9,1327.6,15.1,1701.831,41.21901,174.3,13.6,687.5,18.1,,
906.9,68,1332.8,98.7,1703.554,59.11055,174.3,2.9,688.2,11,,
918.5,12.3,1337.9,71.5,1706.151,51.07195,174.4,5,699,30.7,,
971.8,63.5,1341,41,1706.42,46.54619,174.7,5.4,702.6,11.1,,
978.1,17,1352.3,65.6,1710.658,36.098265,175.3,4.7,704.3,8.9,,
1017.8,35.7,1357.7,14.7,1713.41,26.476865,175.6,1.3,737.4,7,,
1023.7,26.2,1371.8,57.9,1716.932,39.064275,175.7,5.7,738.6,8.9,,
1043,27.8,1378,41,1740.045,64.56935,176,3.4,748.5,12.2,,
1044.9,10.9,1382,29.4,1750.496,45.29846,176.1,1.8,758.8,10.2,,
1070.7,21.2,1389,55,1751.633,60.70545,176.2,4.5,769.9,18.8,,
1074.3,15.2,1396.9,94.1,1755.379,35.665585,176.3,3.6,782.4,14.1,,
1116.1,37.5,1400.7,44.7,1757.304,34.92435,176.9,6.1,789.2,7.4,,
1165.2,25.5,1402.9,19.2,1798.596,32.5701,177,0.9,811,20.7,,
1171.3,38.4,1405.3,19.2,1834.212,57.9134,177.6,2.7,811.6,23.7,,
1305.5,26.9,1409.2,37.4,1846.234,59.08355,177.9,2.1,828.6,112,,
1454.3,45.4,1410,97,1848.568,64.16655,178.5,2.4,832.3,38.1,,
1477,77,1413.7,19.1,1853.338,35.81642,178.5,2.4,855.5,12.6,,
1554.2,54.8,1414,19.2,1861.717,41.644785,178.6,4.2,856.4,29.9,,
1556.7,26.9,1414.3,19.1,1887.923,33.026665,179.1,7.8,858.9,55.2,,
1639.5,35.3,1414.8,19.1,1927.1,28.60949031,179.1,3.2,870.2,7.3,,
1687.3,77.7,1421,19.1,2277.444,34.653665,179.2,3.4,874.9,14.3,,
1742.8,45.7,1421,35.6,2492.827,57.8909,179.2,1.9,883.1,12.5,,
1754.9,24.8,1421.7,13.5,2511.34,48.10529,179.2,1,893.9,64.2,,
1812.8,33.8,1421.8,23,2630.016,47.77919,179.4,2.6,894.4,27.1,,
1879.2,93.9,1426.6,24.9,2657.698,32.893105,182,1.5,898.4,33.9,,
2698.5,25.1,1426.7,42.4,2732.866,43.40921,182.1,2.7,904.1,32.3,,
71,1.4,1426.8,13.4,2741.745,42.76562446,182.2,2.9,906,13,,
71.3,1.7,1428.1,28.8,2918.859,69.9577,183.1,3.5,912.2,20.7,,
71.6,2.6,1428.2,19.1,77.61459,1.1176165,184,2.9,918,8.5,,
71.7,1.7,1429.1,22.9,82.97968,1.032362,184.8,3.7,922.5,52.3,,
72.1,1.8,1430.4,19.1,86.21221,0.6916725,186,7.9,924.6,11.7,,
72.1,3.1,1431,45,86.96209,1.0553625,187.1,13.5,927.6,59.5,,
72.3,2.2,1432,26.7,87.55,0.585264874,190.2,5.5,932,18.7,,
72.7,2.2,1433.1,108.1,91.00569,0.885078,191.8,7.8,933.4,13.5,,
73.2,1.9,1433.2,19.1,91.46256,0.779741,193.2,4.1,933.9,48,,
73.6,2.1,1434.1,19.1,95.53211,1.0623755,194.9,3.6,934.4,12.5,,
73.9,2.5,1436,24,95.605,0.820944471,195.7,4.3,945.4,9.1,,
74.1,1.6,1436.9,19.7,97.76613,1.5995185,196.9,2.5,947.8,36.5,,
77.1,3,1437,19,98.0212,1.5825455,199.8,3.3,950.7,36.7,,
78.4,1.8,1437.9,19.1,98.53207,1.0019875,201.7,1.5,951.3,25.1,,
78.9,1.5,1438.1,23,99.61044,1.9340435,201.8,1.9,955.2,35.3,,
81.8,1.5,1438.2,21,99.62029,0.8399635,202.7,6.8,955.8,14.1,,
82.2,2,1439.5,25.9,108.4788,2.1620025,205.6,2.5,957.7,18.1,,
82.3,3.1,1440.7,19.1,108.747,2.2532385,208.4,6.8,957.7,46.5,,
83.3,2.1,1441,14,109.4407,3.435257,208.4,7.5,958.8,9.8,,
86.5,3.3,1443.6,19.1,167.83,1.8894695,209.7,6.4,961.3,31.7,,
86.8,2.5,1444.1,30.7,359.5121,4.3142505,211,5.3,966.1,41.2,,
87,1.9,1444.7,28.6,484.0959,7.816205,211.6,3.1,966.2,45.6,,
87.8,2.2,1445.8,30.9,617.33,10.27455039,220.4,3.9,967.2,54.1,,
88.6,3.2,1447.3,18.2,631.5894,8.754045,232.3,4.1,968.2,9,,
90.1,3.3,1448.2,19.1,984.3013,11.4013,238.5,8.1,968.7,10.2,,
95.3,1.3,1448.7,19.1,1008.591,42.143595,251.8,2.3,968.9,67,,
95.6,2.8,1448.8,40,1030.22,47.98966,272.6,5,969.4,42.9,,
96.3,5.5,1450.7,25.5,1033.549,43.47615,282.4,2.6,970.8,13.3,,
97,3.6,1450.7,19,1048.17,47.264135,287.3,6.2,970.9,14.8,,
98.1,3.9,1451.9,19.1,1058.173,68.12525,318.5,23.9,971.3,9.3,,
98.8,2.8,1452,13,1065.963,68.21825,394.8,7.2,973.9,41.8,,
102.1,2.9,1452.3,35.5,1067.065,94.8149,398.3,4,974.1,22.5,,
110.3,3.6,1455,25,1082.574,28.94613,403.2,4.1,974.9,46.8,,
129.4,4.5,1455.3,72.3,1092.488,147.5526,509.7,49.2,975.7,13.7,,
130.8,2.3,1457.5,25.3,1094.117,25.552385,558.7,5.4,976.5,25.4,,
133.1,3.5,1457.5,40.5,1145.321,41.252725,559.3,8,977.9,79,,
133.5,3.8,1458.2,24.8,1158.728,37.457035,953.1,26,980,19.1,,
134.8,1.5,1460.1,60.9,1173.628,30.32398,1001.6,45.9,983.6,59.9,,
135.9,4.2,1461,19,1193.22,70.34145,1008,23.8,984.1,24.8,,
151.6,4.1,1462.6,78.3,1304.583,81.4309,1021.8,25.6,986.4,35.1,,
154,4.1,1464.7,30.8,1308.205,9.970081332,1037.6,30.3,987.4,48.1,,
156.1,6.7,1468.4,19,1317.06,62.26615,1043.4,28.2,988.2,42.4,,
157.2,1.8,1468.6,19,1320.854,31.66588,1052.3,51,988.7,67.2,,
157.3,8.2,1468.9,17.5,1357.55,35.14238797,1053.7,38.1,991.3,54,,
157.7,4.9,1469.1,43.3,1406.602,41.62391,1060.4,42.5,992.4,81.3,,
158.3,3.5,1469.3,34,1420.801,51.2177,1068,31.6,992.6,13.3,,
163.6,2.1,1470,41.2,1446.031,41.251955,1096.1,36.3,993.1,36,,
164.7,3.3,1474.2,26,1454.873,26.49715,1101.3,67,993.2,24.5,,
165.2,2.7,1474.4,36.1,1474.837,39.85907,1102.5,67.2,993.9,39.1,,
165.3,2.3,1474.5,20.3,1501.779,48.32522,1109.9,73.4,995.2,12.4,,
167.7,4.2,1474.5,45.4,1596.057,57.31995,1113.6,74.9,995.3,42.1,,
167.7,6.9,1477.7,19,1603.108,47.034385,1116.4,22.9,996.6,51.3,,
213.6,2.9,1480.7,41,1630.526,44.995095,1126.7,56.2,997,43.3,,
214.1,4.3,1483,68.3,1643.246,63.08185,1126.9,57.2,997.2,15.2,,
256.9,2.8,1485.7,44.4,1653.069,28.73791,1160.7,41.4,999.7,64.1,,
257.5,3.2,1486.4,30.3,1666.296,32.929435,1167.6,40,999.7,33.4,,
271.3,5,1495,22.8,1677.354,53.6423,1168.7,30.3,1000,21.4,,
370.6,4.7,1495.8,30,1680.314,45.77283,1175.4,34.8,1000.5,48.2,,
411.6,26.2,1499.4,24.2,1685.324,38.114585,1183.6,25,1001.4,37.3,,
420.6,15.2,1502.8,31.5,1691.059,40.632795,1214.1,69.4,1002,43,,
458.6,11.6,1503,27,1697.307,36.66583,1225.1,70.6,1002.2,73.8,,
496.5,10.2,1503.8,79.1,1697.491,38.022095,1269.7,11.7,1002.2,52.8,,
514.5,7.9,1508.4,37.6,1707.04,31.642815,1277.7,41.4,1002.7,38.9,,
578.4,18.1,1512.6,30,1709.819,41.061655,1281.7,88.9,1002.9,8.1,,
593.5,24.8,1512.9,36.1,1710.667,35.986835,1293,17.7,1003.9,48.6,,
886.3,32.3,1513.1,24.7,1712.29,44.620415,1307.7,58.9,1006,39.8,,
904.9,36.2,1518.4,24.9,1720.611,332.1382,1355,21.8,1006.5,53.1,,
944.5,40.4,1518.7,36.6,1727.283,42.183985,1394.5,15.9,1006.5,52.4,,
954,29.3,1520.8,47.3,1728.557,39.45656,1397.5,54.9,1007.8,48.3,,
1002.5,26.8,1525,23,1731.8,60.6067,1398.4,66,1007.9,21,,
1030.7,20.3,1528.7,74.1,1746.776,41.86002,1411.1,17.2,1008.2,20.3,,
1048,53.2,1529.5,29.2,1759.759,45.842515,1418.5,24.3,1008.7,95.9,,
1062.3,21.5,1531.1,28.9,1763.795,34.968935,1422.8,16,1009.7,35.4,,
1081.1,23,1545.5,29,1769.529,35.45263,1430.6,65.7,1010.8,38.3,,
1131.4,28.5,1548.1,15.1,1773.073,46.801725,1437.3,49,1011.1,27.5,,
1138.6,23.5,1576,13,1775.493,20.266995,1438.4,8.6,1011.9,46.8,,
1371.7,37.9,1578.4,61.6,1777.848,52.7847,1445.1,50.2,1013,26.9,,
1384.2,26.8,1581,13,1808.238,57.06185,1470.7,23.2,1013,39.6,,
1415.3,29.7,1588.9,32.4,1808.637,52.5844,1506.8,43.5,1014,28,,
1576.3,462.1,1598.9,18.7,1816.076,49.094235,1507.9,25.7,1014.1,44.8,,
1637.5,33.5,1606,21,1831.852,63.5583,1518.8,20.3,1014.2,49.4,,
1657.3,18.5,1612.8,39.2,1841.909,52.45285,1567.5,49.3,1014.6,37,,
1674.6,21.4,1616.4,35.3,1859.857,47.26205,1604.1,15.1,1016.2,20.3,,
1683.5,40.4,1623.8,29.4,1867.015,61.8407,1624.2,37,1018.9,35.2,,
1688.8,19.4,1624.2,18.6,1876.958,41.001735,1639.4,55.3,1019.4,35.7,,
1793,24.4,1625,66,1891.432,53.7196,1648.4,23.6,1019.4,49,,
2123.4,36.5,1625.9,18.7,1902.313,55.7716,1649.2,53.2,1020,57.2,,
2552.3,20.3,1627.9,13.1,1934.251,52.95725,1651.6,36.7,1020,36.9,,
65.9,1.7,1633.4,22.3,2074.879,65.04025,1662.9,26.5,1020.6,44.9,,
70.1,1.2,1633.8,40.7,2075.26,49.894915,1675.4,39.6,1021.1,49.6,,
74.5,1,1635.6,18.6,2298.655,41.475645,1724.7,26.8,1021.3,70.9,,
79.6,0.8,1638.2,13.1,2491.243,34.910875,1726.9,39.3,1021.8,27.1,,
79.6,0.8,1640.3,47.3,2643.254,43.056395,1749,31.9,1022.5,20.3,,
82.1,0.8,1641.1,18.6,2674.175,42.45962,1750.4,32.8,1022.9,48.2,,
82.3,1,1642.1,18.6,2675.01,48.626955,1755.5,48.5,1023.2,36.9,,
82.9,0.8,1644,18.6,2723.556,146.6495,1755.7,65.7,1023.4,20.3,,
83.4,1.7,1644.2,40.9,2737.996,41.0521,1756.5,22.1,1025,21.3,,
83.4,0.8,1645,39,2750.555,52.8662,1760.5,37,1025.8,36.9,,
83.5,2.2,1646,13,2805.872,55.58965,1760.8,71.3,1026.4,45.8,,
83.6,2.7,1649.5,38.2,2807.895,84.481,1761.6,19.8,1026.5,30,,
83.9,1.2,1649.6,27,3113.257,63.9916,1769.1,28.5,1026.9,30.2,,
133.3,1.8,1651.4,49.7,92.8,1.8,1769.4,115.5,1026.9,53.2,,
133.8,1.3,1652.7,18.5,93.8,3.4,1771.6,8.8,1027.5,62.4,,
134.6,1.3,1653.7,20.4,94.6,2,1773.9,36.9,1027.7,29.7,,
137.3,2.2,1654.7,19.5,95.2,1.8,1775.8,8.4,1027.9,42.5,,
139.2,1.5,1658.1,30.6,96.6,7.2,1776.3,49.1,1028.4,27.3,,
142.2,3.3,1659.1,18.5,96.6,3.4,1778.1,6.2,1029.4,33.6,,
144.3,3.3,1659.3,42.4,97.1,2.4,1778.1,5.7,1029.5,35.6,,
147.2,4.3,1660.8,33,97.3,2.4,1780.1,18.3,1029.6,45.6,,
148.4,2.3,1663.9,63.4,97.4,3.4,1781.9,2.2,1029.7,31,,
154.1,1.5,1664.7,25.9,97.5,4.7,1782,7.8,1029.9,41.4,,
154.6,1.5,1665.5,18.5,97.9,3.9,1782.7,11.2,1030,53.4,,
159.4,3.1,1665.5,33.2,97.9,3,1784.7,3.2,1030.1,24,,
159.6,1.8,1666.4,122.5,98.1,4.5,1785.2,12.5,1030.2,24.7,,
163.3,2.1,1666.8,69.9,98.1,9.3,1785.7,5.6,1030.4,46.3,,
163.4,1.6,1666.9,25.2,98.5,5.3,1788.4,21.2,1031.2,35.9,,
166,3.3,1667.8,26.6,98.5,3.6,1789.5,58.5,1031.7,37.4,,
211.6,2.1,1668.7,77.5,98.6,3.8,1794.5,22.2,1032.3,29.5,,
246.6,3.2,1668.7,64.9,98.7,4.5,1798.5,60.4,1033.7,33.2,,
260.6,2.6,1668.8,25.9,98.8,2.8,1799,27.1,1033.9,56.4,,
358.6,3.9,1668.8,13,98.8,3.3,1804.3,14.2,1034.6,87.4,,
379,3.7,1672,27.7,99,4.1,1810.3,56.7,1034.7,32,,
391.5,7,1673,22.2,99.3,6.8,1816.1,22.3,1035.1,76.6,,
401.6,26.3,1673.5,18.5,99.4,4.6,1819.8,68.1,1035.4,43.2,,
439.1,4.2,1673.7,26.4,99.5,2.8,1820.5,40,1035.5,25.2,,
440.1,5.9,1673.7,39.2,99.6,5.3,1823.4,6.5,1035.6,38.3,,
449.3,4.3,1674,18.5,99.7,2.3,1828.1,28.8,1035.7,24.8,,
466.4,5,1676.5,18.5,99.8,2.3,1828.8,42.4,1036,59.2,,
468.1,6.4,1677.9,72.2,99.9,1.6,1829.8,18.1,1036.1,27.1,,
470.6,4.5,1680.5,62.8,99.9,3.1,1831.8,5.8,1036.2,93.7,,
473.1,5.7,1680.7,56.9,100.1,2.9,1833.2,11,1036.4,46.5,,
492,14.3,1681.2,20.9,100.1,2.8,1834.7,18.2,1036.5,42.5,,
492.4,10.2,1682.7,13,100.4,1.9,1836.2,14.2,1036.5,96.4,,
498.6,7.7,1682.9,86.8,100.5,3.2,1837.8,56.7,1036.5,73.4,,
526.3,10,1683.8,18.5,100.7,2.9,1838.9,8.6,1037.2,56.2,,
550.5,6,1685.3,18.5,100.8,3.8,1839.8,29.3,1037.3,40,,
560.6,7.4,1685.8,29.9,100.8,2.4,1843.5,3.2,1037.7,35.8,,
573.2,14.3,1686,13,100.8,3.3,1848.3,13.3,1038.1,26.7,,
589.7,5.6,1686.6,18.5,100.9,4,1852.8,8.3,1038.4,20.2,,
696.7,8,1686.7,25.3,100.9,3.1,1853.8,42,1038.4,32.9,,
815.9,11,1688.4,18.5,100.9,1.9,1855.9,66.9,1040,42.8,,
885.6,30.7,1688.6,18.5,101,2.6,1863.7,6.7,1040.3,47.2,,
1029.2,48.9,1689,23.1,101,2.8,1864.5,13.8,1040.7,20.5,,
1030.5,67.4,1689.6,39.3,101,3.4,1864.5,45.3,1041.2,45.9,,
1050.2,36.7,1690.1,17.5,101.2,3.1,1866.6,19.6,1041.4,49.8,,
1083.2,70.1,1690.5,16.1,101.4,2.5,1880.8,18,1041.8,45.2,,
1093.1,35.1,1691.1,38.4,101.5,1.7,1888.4,22,1042.7,32.7,,
1093.5,40.5,1691.2,18.4,101.7,3.4,1894.9,31.3,1043.4,53.4,,
1098.8,46,1692.3,18.5,101.7,2.3,1906.2,20.5,1043.8,20.2,,
1125.7,38.7,1693.7,34.7,101.9,3.9,1915,11.1,1044.5,48.7,,
1162.6,45.6,1693.9,20.7,101.9,3.3,1916.8,62.5,1044.8,43.5,,
1170.8,34.5,1694,41,102,5,1923.6,7.3,1044.8,31.5,,
1216.3,50,1694,26,102,6.8,1929.3,21.5,1044.9,50.2,,
1243.1,47.2,1694.1,31.2,102.5,2.3,1940.8,60.1,1045.9,47.8,,
1245.4,23.3,1694.9,34.1,102.8,5.5,1944.6,10,1046.2,60.2,,
1311.7,25,1695.5,55.5,103.1,4.1,1975.2,34.6,1046.3,68.2,,
1343.4,47.7,1696.2,55.7,103.2,3,1979.8,11.9,1046.4,63,,
1441.2,39.3,1696.3,24.4,103.2,4.4,1998.5,40.4,1046.4,63.6,,
1464.3,38,1698,21,103.2,2.7,2016.3,11,1046.7,30.6,,
1582.9,44.7,1698.5,34.5,103.4,1.8,2088.7,22.7,1046.7,39.5,,
1631.4,73.8,1699.3,18.4,103.6,2.4,2146.3,41.1,1046.7,64.1,,
1632.2,43.1,1699.4,78.7,103.7,2.7,2170.3,25.3,1047,44,,
1662.4,50.2,1699.9,33.6,104.2,1.7,2183.7,58.3,1047.9,29.2,,
1669,51.2,1700.1,21.4,104.5,2.3,2344.2,58.2,1048.2,59.3,,
1723.5,45.4,1701.5,18.4,104.6,3.5,2363.3,601,1048.6,20.4,,
2190.4,56.5,1702.3,15.7,104.9,4.2,2429.3,10,1049.2,67.4,,
98.7,1.1,1702.4,34.7,105.9,2.8,2475,20.3,1049.4,46,,
99,1,1702.6,26.9,107.8,2.4,2527.1,32.6,1049.6,51.8,,
100,2.9,1703.3,18.4,108.2,6,2528.3,28.3,1049.6,45.5,,
100.1,2.7,1703.9,18.4,108.7,4.9,2570.9,16,1050.2,31.7,,
100.8,1,1704.5,54.1,109.6,3.1,2574.6,3.4,1050.4,38.3,,
102.3,2,1705,44.8,111.3,3.3,2579.4,5.2,1050.5,32.8,,
105.9,4.2,1705.4,17.5,185.1,15.3,2642.5,22.4,1050.5,35.7,,
106.1,3.2,1705.5,32.6,384.7,14.5,2653.9,8.2,1050.6,50.2,,
108.4,1.8,1705.5,27.4,1141.5,9,2659.7,14.6,1051,20.9,,
110,1.5,1706,25.8,1158.2,32.2,2665.3,21,1051,53.7,,
114,1.5,1706,12.9,1350.6,32,2677.4,39.2,1051.2,22.9,,
126.1,1.2,1706.3,18.4,1683.2,12.4,2677.5,27.3,1051.4,87.1,,
131.4,2.8,1706.6,35.5,1715.3,29.9,2685.3,26,1051.4,32.1,,
131.6,1.3,1706.7,18.4,1770.9,10.1,2696.2,19.8,1051.8,31.8,,
131.6,2.9,1706.9,18.4,1777.6,10.4,2708.8,7.5,1052,41.5,,
133.5,3.5,1707.1,18.4,1778.3,9.8,2711.7,41.4,1052.2,28.5,,
134.3,4,1707.5,32.6,1779.5,18.6,2722.5,29.9,1052.3,32.2,,
135,1.4,1707.5,61.3,1781.9,6.9,2728.8,41.5,1052.4,26.4,,
136.4,3.5,1707.9,18.4,1786.4,16.7,2742.8,35.5,1052.5,76.6,,
137.1,1.4,1708.1,18.5,1786.6,9.9,2748.6,12.3,1053.4,24,,
141.7,2.9,1708.3,18.4,1789.6,8.7,2751.7,15.1,1053.6,41,,
157.8,2.9,1708.6,45.3,1790.6,12.8,2773.9,22.3,1053.7,50.7,,
158.5,3.6,1709.1,18.4,1791.4,13.7,2783.9,21.8,1054,46,,
161.1,2.7,1709.5,18.4,1809,5.9,2865.8,58.1,1054,23.2,,
161.6,1.6,1709.6,18.4,1839.7,8.2,2893.5,4.5,1054.1,59,,
165.3,2.3,1709.6,18.4,1843.9,7.8,2897.1,9.1,1054.4,36.5,,
169.3,2.2,1709.8,18.4,1936.5,24,2926.3,44.2,1054.5,25,,
240.4,5.5,1709.9,22.3,2328.3,6.4,3186.8,29.5,1054.7,24.8,,
244.6,3.5,1710,30.7,2396.4,5.8,,,1055,27.1,,
256.1,4,1710.7,18.4,91.3,3,,,1055.7,30.6,,
280.2,8.1,1710.9,18.5,93.9,1.8,,,1055.9,20.9,,
319.8,5.1,1711.1,45.1,94.2,5.3,,,1056.1,22.1,,
351.8,3.8,1711.5,14.6,94.3,6.3,,,1056.8,18.3,,
379.5,4.1,1711.8,18.4,95,1.9,,,1057.8,40.4,,
383.3,3.7,1712,71,95.3,6.3,,,1057.8,33,,
413.8,4,1712.2,18.4,95.8,3.9,,,1058.1,20.3,,
446.2,4.7,1712.2,18.4,95.9,6.6,,,1058.3,55.5,,
474.3,6.3,1712.5,18.4,96.4,3.5,,,1058.8,20.1,,
481.9,4.6,1712.8,33.1,96.4,9.1,,,1059.4,38.4,,
506,7.7,1713,18.4,96.6,4.1,,,1059.6,57.6,,
524.3,7.5,1713.4,18.4,97,2.4,,,1059.6,63.1,,
543.4,5.2,1713.5,25,97.1,2.6,,,1060.1,29,,
549.9,11,1713.7,18.5,97.2,3.4,,,1060.2,28.8,,
597.8,8.6,1713.8,18.4,97.3,1.5,,,1060.4,41.9,,
616.9,5.9,1714.5,17.5,97.3,2.8,,,1060.7,49.7,,
714.3,32.3,1714.5,44.1,97.6,1.5,,,1061,75,,
821,21.8,1714.7,18.4,97.7,3.1,,,1061,78.8,,
930.9,30.3,1715.1,28.1,97.8,2.4,,,1061.3,26.5,,
1047,43.2,1715.4,16.7,98,3.2,,,1061.3,61.8,,
1069.1,60.3,1715.6,17,98.1,5,,,1061.6,43.5,,
1097.8,30.8,1716,13,98.2,2.1,,,1062.1,69.6,,
1140.3,62.7,1716.2,18.4,98.2,3.6,,,1062.2,71.4,,
1152.6,50.2,1716.4,25.6,98.4,1.9,,,1062.2,20.2,,
1153,66.7,1716.5,21,98.4,4.3,,,1062.6,20.1,,
1178.7,43.3,1716.6,19,98.5,3.8,,,1062.7,25.8,,
1193.7,46.8,1716.9,19.2,98.8,1.9,,,1063.1,52.1,,
1212.7,59.4,1717.1,18.4,98.9,5.4,,,1063.3,24.3,,
1219.9,88.7,1717.4,19.1,99.1,2.5,,,1063.6,97.5,,
1238.7,30,1717.5,18.5,99.4,3.9,,,1063.9,76.1,,
1387.5,73.2,1718,13.2,99.5,4.1,,,1064.6,8.4,,
1413.7,38.1,1718.7,18.4,99.6,1.4,,,1064.6,20.2,,
1418.8,62.2,1719,29.6,99.7,0.9,,,1064.9,55.9,,
1497.7,40.5,1720.8,18.4,99.7,2.7,,,1065.5,24.2,,
1525.9,39.8,1721,27.6,99.8,2,,,1065.6,35,,
1547.7,63.5,1721.7,18.4,99.8,2,,,1066.1,20.2,,
1648.7,39.7,1722.1,13.5,100,1.7,,,1066.6,95.1,,
1668.1,36.6,1722.4,18.4,100.1,1.9,,,1066.6,77.5,,
1688.5,50.7,1723.1,14.4,100.1,3.9,,,1066.9,48.5,,
1707.7,28.2,1723.2,27.5,100.5,2.3,,,1067.4,23.8,,
1817.9,43.8,1723.9,18.4,100.5,1.7,,,1067.6,21.5,,
1871.7,60.1,1723.9,32.4,100.5,5.4,,,1067.7,25.6,,
1953.8,78.4,1724.7,33.3,100.5,1.9,,,1067.8,43.8,,
2205.9,627.7,1725.9,13.2,100.8,1.4,,,1068.2,36,,
2761.1,55.5,1726,26,100.9,2.3,,,1068.5,47.3,,
2774.8,44.9,1726.8,51.4,101.1,2.4,,,1069.2,20.1,,
3037.1,43.9,1727.1,18.4,101.3,2.4,,,1069.7,62.9,,
78.8,1.1,1728,29.2,101.4,1.8,,,1069.8,86.7,,
79,2.7,1730.8,18.9,101.7,2.2,,,1069.8,31.5,,
80.9,1.2,1730.9,33.7,101.9,2,,,1070,43.6,,
81.6,1.1,1731.5,36.6,102,3.1,,,1070.5,134.6,,
85,1.3,1732.2,16.5,102.1,1.8,,,1070.9,46.7,,
85.2,2,1733.5,18.5,102.2,3.8,,,1071.5,48.9,,
85.4,1.1,1733.6,12.9,102.4,2.6,,,1071.7,38.6,,
88.1,1.8,1734.7,28,102.4,2.6,,,1072,66.2,,
88.8,2.1,1735.1,18.4,102.7,4.6,,,1073.2,71.3,,
89.4,1.5,1738,18,102.7,6.7,,,1073.2,21.2,,
92.3,2.9,1738,14.2,102.9,4.7,,,1073.3,85.2,,
93.1,1.7,1738.3,18.9,103,2.6,,,1073.9,35.8,,
93.8,1.8,1738.3,32.5,103.6,2.6,,,1074.7,48.7,,
98.3,1.2,1738.6,12.9,103.8,5.4,,,1075.1,20.1,,
98.9,1,1739.4,14.7,103.8,2.5,,,1076,37,,
101.7,5.7,1740.2,13.8,103.8,6.3,,,1076.3,51.2,,
103.5,1.1,1740.6,12.8,104,5.8,,,1076.3,27.9,,
104,2.8,1740.7,92.3,104,1.7,,,1077.2,29.4,,
112.8,2.8,1740.9,12.8,104.4,2.2,,,1077.3,59.9,,
115.4,4.8,1741.7,13,105.7,4,,,1077.3,41.8,,
115.6,1.1,1742.1,15.8,106.3,1.4,,,1077.3,60.9,,
117.1,1.9,1742.5,23.8,110.7,5.9,,,1077.5,68.4,,
119,3.6,1742.6,13.1,111.2,8.5,,,1077.6,28.1,,
129.9,2.6,1742.8,14.2,114.4,6.7,,,1077.7,49,,
130,10.8,1743.6,27.7,149.6,14,,,1078.1,40.1,,
130,1.3,1745.1,12.8,161.5,4.8,,,1078.7,15.2,,
131.1,3.3,1745.4,15.6,166.9,5.9,,,1079,20,,
131.4,3.6,1745.8,28.2,524.2,14.2,,,1079,21.1,,
132.4,3,1746.7,13.6,1104.3,20,,,1079,30.9,,
132.6,2,1746.7,17.4,1481.7,19.1,,,1079.5,25.6,,
133,2.3,1746.8,23.3,1594.9,7.8,,,1080.1,48.7,,
134,2.7,1747.3,13.5,1752.3,8.6,,,1080.3,100.6,,
137.1,1.6,1748,26.6,1786.9,11.9,,,1080.5,42.4,,
139.8,3.4,1748.9,23.6,1786.9,19.3,,,1080.8,40.3,,
140.1,3.1,1749,18.4,1788.8,53.6,,,1081,54.2,,
140.4,3.2,1751,21.8,1791.6,13.4,,,1081.1,60,,
142.4,1.4,1751.1,17.3,1800.1,30.6,,,1081.4,58.5,,
144.7,1.6,1752.2,17.1,1805,16.6,,,1083.5,24.5,,
148,2,1752.4,18.3,1843.9,13,,,1083.9,48.4,,
149.8,1.5,1752.6,13.3,1845.4,10,,,1084.2,27.5,,
150.7,3.4,1753.3,16,1859,12.8,,,1084.4,21.4,,
155.1,3.1,1753.7,12.9,1860.6,15.3,,,1084.4,54.7,,
160,4.7,1753.9,13,2275.4,20.8,,,1084.6,42.4,,
162.9,2,1754,30.9,91.2,3.1,,,1086.3,65.4,,
175.6,1.8,1754.4,12.9,91.4,2,,,1086.4,33,,
235.5,7.1,1754.6,52.3,93,6.5,,,1086.8,39.9,,
262.9,4.7,1754.9,24.4,93,2.8,,,1086.9,64.3,,
325.5,3.2,1756.1,18.3,93.3,2.4,,,1087.2,36.4,,
354.8,3.5,1756.3,22.2,94.1,1.3,,,1087.4,20,,
364.7,11.3,1756.6,13.6,94.3,2.2,,,1087.7,97.9,,
383,5.7,1756.7,14.2,94.7,2.4,,,1088,34.9,,
398.2,9.6,1758.6,18.5,95.8,1.7,,,1088.2,50.6,,
405.5,6.9,1761,26,95.8,4.8,,,1088.4,51.5,,
506.8,11.6,1762.9,42.2,96.8,2.5,,,1089,91,,
509.1,9.2,1765.6,12.8,97.5,2.5,,,1089,75,,
539.1,7.7,1766,18.3,97.6,3.9,,,1089,38.8,,
551.4,6,1766.5,32,98,2.5,,,1089.5,41.1,,
588.7,8.8,1767,34.4,98.1,2.2,,,1090.2,38.7,,
598.6,5.7,1768.1,20.5,98.2,3,,,1090.7,63.7,,
992.1,37.8,1769.5,15.9,98.4,3.2,,,1091.1,93,,
1003.8,58.9,1769.9,18.3,98.6,1.5,,,1091.5,92.3,,
1026.1,47.3,1773,14.7,99.5,4.4,,,1091.7,54.5,,
1089.3,77.2,1774.3,55,100.1,3.3,,,1092.1,28.2,,
1100.5,55.4,1775.4,56.1,101.4,2.2,,,1092.1,49,,
1146.4,58.8,1780.6,31.6,101.4,4.2,,,1092.5,20.1,,
1148.8,24.8,1781.1,46.2,102.2,4.5,,,1092.5,36.3,,
1155,32.4,1781.1,92.1,104.1,5.8,,,1092.6,35.6,,
1168.8,19.8,1783.9,33,108.4,5.6,,,1092.8,34.1,,
1176.9,57.4,1787.2,62.6,158.1,6.5,,,1093,20,,
1186.3,50,1788.5,29.7,305.7,18.8,,,1093.2,51.4,,
1291.9,32.5,1791.8,100.9,436.1,15.3,,,1093.2,63.9,,
1387,42.5,1801.1,23.5,436.2,10.4,,,1093.9,67.2,,
1394.3,43.9,1804.2,28.2,493.4,13.4,,,1094,21.3,,
1416.9,45.5,1805.7,18.3,613.5,26.6,,,1094,42.8,,
1542.5,71.3,1808.2,20.6,980.3,13.9,,,1094.2,20.5,,
1595.5,43.9,1808.9,118.4,984.4,28.2,,,1094.4,78.1,,
1638.7,38.1,1812.4,48,993.3,81.2,,,1094.7,66.5,,
1660.9,70.2,1819.2,26.5,1056.6,21.7,,,1095,48.3,,
1674.6,56.8,1820.7,61.7,1240.2,13.3,,,1095.2,20.8,,
1686.4,18.5,1821,73.3,1383.7,7.2,,,1095.4,53.1,,
1696.5,53.3,1821.8,38.5,1411.4,42.2,,,1095.9,41.5,,
1733.4,52.5,1825,32,1421.2,16.3,,,1096.1,20.1,,
2306.4,42.1,1831.5,26.8,1457.7,9.4,,,1097,34,,
58,3.4,1836,33,1636,10.7,,,1098.3,37.5,,
60.8,1.4,1836.8,19.2,1646.7,17.9,,,1098.4,20.4,,
61.5,4.6,1841.1,16.5,1651.7,11.8,,,1098.8,20.2,,
61.9,1.2,1841.3,69.5,1683.2,10.9,,,1098.8,42.5,,
62.1,0.8,1850.3,12.7,1715.7,7.6,,,1099.1,52.3,,
62.4,1.8,1855,41.5,1738.5,14.2,,,1099.5,24.5,,
63,4.3,1862.6,18.1,1748.3,10.2,,,1100.2,23.7,,
63.1,1.4,1872.5,82.5,1756.2,16,,,1100.6,64.1,,
65.7,2.4,1878.5,25.1,1756.5,17.2,,,1100.9,20.1,,
69.5,2.2,1884.5,103.3,1759,14.9,,,1101.3,45,,
69.7,1.8,1893.3,16.4,1774.4,74.8,,,1101.4,33.1,,
69.9,2.9,1903.6,43.6,1776.7,7.9,,,1101.8,21.5,,
71,4.1,1911.8,15.8,1777.8,7,,,1102.2,20,,
71.1,3.1,1913.3,38.2,1779.5,8.9,,,1102.9,36.9,,
71.3,3.4,1916.8,15.6,1779.9,10.6,,,1103.9,94.1,,
71.6,1.7,1929,30,1784.5,9.8,,,1104,20,,
72.5,1.7,1942.5,27.7,1788.2,12,,,1105.6,33.3,,
73.5,6,1958.4,27,1788.8,8.9,,,1105.9,32.5,,
74.1,5.2,1963,10.7,1800.7,15.3,,,1106.1,61.4,,
74.3,2.5,1967.2,36.9,1801.6,22.4,,,1106.2,83.7,,
74.3,6.1,1985.3,23.1,1804.7,8.4,,,1106.3,42.1,,
75.4,6.2,2004.2,46.2,1806,17.3,,,1107,27,,
76.8,3.5,2031.7,38.2,1807.6,16.3,,,1107.4,32.2,,
78.9,3.1,2041.8,147,1816.9,7.8,,,1107.5,48.6,,
79.8,5.8,2053.5,28.1,1833.1,45.9,,,1107.7,57.4,,
80.3,5.8,2098.6,23.5,1836.5,41.3,,,1108,25.6,,
80.8,2.6,2101.3,33.9,1837.1,6.8,,,1108.3,51.6,,
85.5,3,2103,12,1844.9,23,,,1108.4,82.1,,
86,3.1,2196.4,41.4,1845.5,6.6,,,1108.4,54.9,,
87.1,5.4,2512,12,1851.8,12.7,,,1108.6,34.9,,
87.5,1.8,2609.2,86.7,1854.5,8.2,,,1109.5,22.5,,
87.8,2.5,2724.5,16.5,1869.4,108.6,,,1109.8,36.8,,
87.8,2,2748.5,12.5,1911.7,23.7,,,1112.1,27.7,,
88.8,4.2,2757.4,31.5,1921,7.1,,,1112.2,42.5,,
158.7,4.1,2760.2,40.2,1923.2,18.9,,,1112.3,48.2,,
161.1,6,2766.7,16.4,1959.8,5.8,,,1112.3,44.1,,
163.3,2.5,2793.1,27,1975.6,5.1,,,1113,31,,
164.4,4.5,2806,11,2066.3,14.1,,,1113.9,37.3,,
165.7,3.1,2869.5,64.8,2081.3,22.4,,,1114.2,80.5,,
167.5,8.7,2871.8,36.6,2087.6,15.8,,,1115.3,54.4,,
171.3,6.1,2885.9,16.2,2110.7,16,,,1116,37.5,,
171.8,10.6,,,2507.6,6.1,,,1116.3,32.7,,
172.1,3.7,,,2508,8.1,,,1116.5,66.1,,
181.7,7.1,,,2570.5,7,,,1116.5,25.4,,
200,7.2,,,2682.9,7.2,,,1117.3,27.7,,
250.3,11.8,,,2704.5,7.8,,,1117.7,68.3,,
260.2,12.8,,,2706.9,4.4,,,1118.3,56.8,,
291.6,5.6,,,2733.4,15.7,,,1118.7,57.1,,
484.7,14.8,,,2766.5,9.5,,,1119.1,54.3,,
493.4,9.7,,,2770.5,10.4,,,1119.4,20.7,,
493.5,31.8,,,2801,7.5,,,1120.5,74.7,,
592,18.7,,,2809.2,8.2,,,1121,50.9,,
603.7,27.1,,,2810.5,11.5,,,1121.2,36,,
619.7,10.4,,,2816.3,4.7,,,1121.2,36.1,,
1009.5,53,,,2890,6.4,,,1121.6,68.7,,
1012,49.8,,,2923,8.5,,,1121.9,69.6,,
1053.4,20.6,,,88.9,3,,,1122.7,19.3,,
1061.4,20.2,,,89.9,6.5,,,1122.8,54.1,,
1107.2,25.4,,,90.6,0.8,,,1123.3,41.7,,
1122.5,20,,,90.8,1.9,,,1123.6,23.4,,
1253.6,51.7,,,93.2,1.5,,,1123.7,59.9,,
1411.2,43.2,,,93.2,2.8,,,1124.5,35.8,,
1474,39.2,,,94.6,3.7,,,1125.2,57.3,,
1503.5,40.5,,,95,3.5,,,1126.4,20,,
1540,26.5,,,95.4,2.8,,,1126.5,20,,
1654,45.2,,,95.6,2,,,1126.5,24.3,,
1678.8,26.2,,,96.6,1.9,,,1126.5,62.2,,
1686,19.8,,,96.8,3.5,,,1127.1,80.8,,
1687.8,39.3,,,97.2,3,,,1127.1,56.6,,
1698.5,52.2,,,97.5,1.8,,,1127.3,22,,
1704.3,31.1,,,97.8,4.5,,,1127.6,30.1,,
1727.6,18.4,,,97.9,5.1,,,1127.9,50.9,,
1747.8,36.4,,,98.1,4.3,,,1128,21.3,,
1754.1,30.9,,,98.7,3.7,,,1129.9,27.8,,
1759.9,42.1,,,99.1,2.8,,,1130,12.5,,
1766,36,,,99.6,4.3,,,1130,113,,
1770.1,30,,,99.7,1.7,,,1130.8,33.4,,
1777.7,27.8,,,101.4,5.5,,,1132,71,,
1789.7,29.8,,,101.9,3.7,,,1132,49.5,,
1792,30.9,,,102.1,4.9,,,1133.5,57.4,,
1823.9,54.6,,,103.2,3.1,,,1133.7,90.5,,
1832.7,41.3,,,104.3,4.4,,,1133.9,25.8,,
2590.3,16.7,,,104.6,3.7,,,1134.2,81.1,,
2619,24.1,,,440.1,9.6,,,1134.9,28.9,,
2708.8,18.3,,,605.3,11.6,,,1135,31.1,,
2747.8,17.9,,,1768.4,14.9,,,1135.4,40.2,,
72.3,2.4,,,1916.1,13,,,1135.5,32.7,,
74.7,2.1,,,2682.2,4.4,,,1136.3,58.1,,
76.2,1.5,,,96.3,1.8,,,1137,7.5,,
76.6,2.8,,,96.5,1,,,1137,30.5,,
77.6,1,,,96.5,2.7,,,1137.2,63.3,,
77.7,1.2,,,96.6,1,,,1137.7,80.5,,
79.4,3,,,96.6,2.3,,,1138.1,26.3,,
80.3,0.9,,,96.6,1.4,,,1138.6,38.2,,
80.3,2.4,,,96.7,1,,,1140.3,49.1,,
80.6,2.4,,,96.7,1.3,,,1141,70.1,,
81.4,2.1,,,96.8,2.4,,,1141.7,95,,
81.7,2.3,,,96.9,2.4,,,1142.2,19.9,,
81.8,3.2,,,97,2.5,,,1142.3,27.1,,
82.4,5,,,97.2,2.4,,,1142.9,61.9,,
85.5,3.8,,,97.3,1.5,,,1143.7,97.6,,
87.5,1.6,,,97.5,2.1,,,1144.2,34.4,,
88.9,4.2,,,97.6,1.4,,,1145,37.7,,
89.1,2.9,,,97.6,1,,,1145.1,34.3,,
89.3,2,,,97.7,3.1,,,1145.5,26.1,,
90.8,2.1,,,97.7,1,,,1145.6,35.4,,
91.5,3.1,,,97.8,1.6,,,1146.2,44.6,,
91.8,3.6,,,98,3.9,,,1146.4,19.9,,
96.2,0.9,,,98.1,1,,,1146.5,63.6,,
98.5,3.2,,,98.1,1.3,,,1147.6,28.9,,
100.1,3.2,,,98.1,1.1,,,1147.7,23.7,,
101.4,2.3,,,98.2,3.6,,,1148,32,,
101.9,6.8,,,98.2,3.5,,,1148.7,57.1,,
102.5,4.6,,,98.2,1.1,,,1149.2,19.9,,
104.3,2.7,,,98.3,1,,,1150.2,45.5,,
121.1,3.1,,,98.3,1,,,1150.5,33.4,,
125.9,4.8,,,98.5,1.3,,,1151.2,63.9,,
128.7,1.4,,,98.6,1,,,1152,86.3,,
129.8,3.3,,,98.7,1.7,,,1152.4,68.5,,
130.7,8.9,,,98.7,2.6,,,1154.1,44.7,,
131.5,2.3,,,99,1.1,,,1154.4,36.7,,
131.5,1,,,99.3,1.7,,,1154.4,36,,
131.5,2.8,,,99.5,1.5,,,1154.4,52.8,,
131.8,3.1,,,99.6,1,,,1154.7,27.3,,
133,3.4,,,99.7,1,,,1155,43,,
133.3,2.5,,,99.9,1.7,,,1155.1,32.2,,
135.2,3.3,,,99.9,1,,,1155.2,37,,
139.6,4.8,,,100.2,2.3,,,1155.3,44.1,,
140.4,8.9,,,100.5,1,,,1156,44.2,,
143.5,9.6,,,100.5,1,,,1156.3,30.9,,
153.1,2.9,,,100.6,1,,,1158,46,,
154.7,12,,,101.1,1,,,1158.5,20.5,,
155.5,3.1,,,101.1,1,,,1159.3,38.8,,
158,5,,,101.5,4,,,1159.8,20.4,,
158.2,6.1,,,101.6,1,,,1159.8,20,,
159,1.9,,,101.8,2.2,,,1160.4,43,,
160.2,2.9,,,101.9,1,,,1160.5,35.1,,
165.1,1.9,,,102.1,2.2,,,1161.1,40.5,,
201.2,4.2,,,102.2,1,,,1163.7,22.9,,
209.6,3.6,,,102.6,1.2,,,1163.9,116.3,,
237,3.8,,,102.7,1,,,1164,53.6,,
244.6,3.9,,,102.9,1,,,1164.9,19.8,,
255.3,7.6,,,102.9,1.1,,,1165,26,,
262,5.4,,,103.1,2.2,,,1165.6,54.8,,
264.8,6.1,,,103.2,1.5,,,1165.8,37.7,,
273.3,3.7,,,103.8,1,,,1166,64,,
293.5,13.9,,,103.8,1.3,,,1166.1,59.2,,
396.1,18.3,,,104,1.1,,,1166.4,19.8,,
404.7,9.2,,,106,1.1,,,1166.4,109.2,,
423.8,14.6,,,109.4,1.3,,,1166.5,68.3,,
430.6,12.4,,,111.4,1.1,,,1166.9,30.7,,
482.8,24.6,,,115,1.4,,,1167,35,,
553.8,16.2,,,115.4,1.9,,,1167.7,19.8,,
578.6,15.4,,,120.4,1.5,,,1167.9,19.8,,
638.5,11.3,,,134.9,1.5,,,1167.9,19.8,,
667.9,38.1,,,143.1,3.6,,,1168.3,83.4,,
846.2,21.2,,,157.1,1.6,,,1170.5,85.8,,
862.5,29,,,157.1,1.6,,,1170.9,59.7,,
1024.8,30.3,,,290.4,18.7,,,1171,85.7,,
1080.9,64.8,,,1051.9,57.2,,,1171.4,20.8,,
1168.4,34.4,,,1649.6,59.5,,,1171.5,26,,
1201,26.4,,,1703,40.9,,,1171.9,78.5,,
1211.5,53.9,,,1792.9,22.8,,,1172.1,43.2,,
1218.5,19.7,,,1799.3,25.8,,,1172.2,27.5,,
1279.4,24.4,,,1808.1,18.2,,,1172.3,43.4,,
1369.4,29.3,,,1810.7,31.1,,,1172.6,25.5,,
1438.8,21.2,,,1811.7,36.7,,,1173.1,22.7,,
1730.5,52.1,,,1818.7,19.8,,,1173.2,74.8,,
1753.7,30.8,,,1831.3,27.7,,,1173.8,33.1,,
1809.5,46,,,1849.8,23.5,,,1174.1,75.8,,
1816.9,21.8,,,1864,18.1,,,1174.1,33.7,,
1840.7,30.6,,,1873.1,18.2,,,1174.3,30.9,,
2701.2,28.4,,,1875.3,21.1,,,1174.4,61,,
56,3.2,,,1875.4,34.3,,,1174.5,72.7,,
57.6,2.6,,,1877.1,32.8,,,1175.4,41.6,,
58.7,2.4,,,1877.4,30.6,,,1176,31.7,,
58.7,2.1,,,1905.4,18,,,1176,40.8,,
59,3.3,,,1912.3,23.2,,,1176.3,38.8,,
59.2,2.7,,,1955.9,23,,,1177.3,31.8,,
62,1.6,,,1963.1,31.8,,,1177.6,19.8,,
62.2,3.1,,,1990.8,20.1,,,1178.3,19.8,,
63.7,5.5,,,2126.9,31,,,1178.6,36.4,,
65.6,1.5,,,2267.3,59.3,,,1178.7,19.8,,
65.8,4,,,2467.4,31.8,,,1178.8,72.2,,
66.2,5.4,,,2513,36.3,,,1179.5,21.9,,
68.3,1.6,,,2723.1,24.4,,,1179.8,22.1,,
68.4,3.4,,,2731.6,16.5,,,1180,34.5,,
68.9,1.7,,,85,11.3,,,1180.5,73.4,,
69.5,1.7,,,85.8,10.7,,,1180.7,30,,
70,3.7,,,89.4,7.8,,,1180.8,42.4,,
71.5,3.8,,,89.7,3.8,,,1181.2,27.2,,
71.5,2.9,,,91.6,2.8,,,1181.3,20,,
71.6,1.9,,,91.7,1.7,,,1181.4,28,,
74.8,4.6,,,92,6.1,,,1181.7,76.8,,
75.2,4.7,,,92.6,8.1,,,1181.9,66.4,,
75.2,5,,,92.7,6.6,,,1181.9,20.2,,
75.9,3.8,,,92.8,11,,,1182.2,19.8,,
76,4.5,,,92.9,3.5,,,1182.4,64.9,,
77.4,7.6,,,93.3,3.7,,,1183.4,55.4,,
77.6,2.2,,,93.6,5.2,,,1183.4,46.1,,
78.3,4.3,,,93.6,1.3,,,1183.7,65.3,,
80.1,5.9,,,94,4.7,,,1184,20,,
81.8,6.8,,,94.4,9,,,1184.7,32.5,,
82.7,1.7,,,95.2,4.8,,,1185.7,27.1,,
82.7,5.7,,,95.2,7.7,,,1185.8,24.2,,
83.3,5.1,,,95.5,4.9,,,1186.6,19.8,,
84.2,7.2,,,95.9,4.9,,,1186.7,19.8,,
87.3,1.9,,,95.9,5.4,,,1187,21,,
89,5.2,,,95.9,7.3,,,1187.1,20,,
89.1,2.6,,,96.2,9.4,,,1188.5,54.7,,
91,6.8,,,96.5,1.9,,,1188.6,38.3,,
91.9,3.1,,,96.6,5.8,,,1188.8,40.8,,
92.9,7.5,,,96.7,1.8,,,1189.9,41.3,,
93.3,1.4,,,97,5.3,,,1190.1,24.7,,
93.9,4.9,,,97.2,2.4,,,1190.3,35.6,,
94,3.4,,,97.3,3.1,,,1190.4,46.1,,
95.6,4.3,,,97.7,4.3,,,1191.1,21.7,,
97.3,3.2,,,98,8.4,,,1192.1,47.4,,
97.4,5.5,,,98,3.1,,,1192.5,21.4,,
98.2,8,,,98.3,2.9,,,1192.6,45.2,,
99.1,4.9,,,98.3,5.4,,,1193.7,77.7,,
137.2,4.4,,,98.8,7.1,,,1193.8,46.3,,
145.7,7.7,,,98.9,4.3,,,1194.2,20,,
153.2,5.2,,,99,6.7,,,1195.3,20.5,,
154.2,5.6,,,99.1,4.1,,,1195.7,19.8,,
162.5,4.7,,,99.1,4.1,,,1195.9,19.7,,
170.3,7.1,,,99.6,7,,,1197.2,19.7,,
176.6,4.5,,,100,3.6,,,1198.4,28.6,,
177,3.5,,,100.3,3,,,1198.6,28.7,,
198.9,3.7,,,100.8,3.4,,,1198.6,82.1,,
207.6,6.5,,,100.8,6,,,1198.6,28.2,,
240.1,10.6,,,100.8,4.6,,,1199.7,60.2,,
257.6,7.8,,,101.9,14.2,,,1200.2,38.1,,
261.2,14.2,,,102.3,4.6,,,1200.7,74.6,,
266.1,13.6,,,102.3,5.2,,,1202.3,26.1,,
273.3,10.4,,,102.4,4.9,,,1203.9,19.7,,
322.1,11.7,,,103.5,5.1,,,1204.7,35.7,,
366.3,9.9,,,104,7.5,,,1205.1,35.1,,
374.3,8.7,,,105.7,9.1,,,1205.3,76.3,,
406.5,6.7,,,107.6,5.3,,,1206.9,23.4,,
409.9,7.7,,,111.2,5.6,,,1208,20,,
422.9,13.3,,,115.6,6.5,,,1208.3,30.4,,
441.2,16.9,,,221,13.8,,,1208.4,13.3,,
442.9,8.3,,,324.1,44.7,,,1208.5,34.5,,
454.8,8.1,,,430.1,5.9,,,1208.7,27,,
517.5,26.7,,,463.9,12.3,,,1211.7,29.6,,
1065.1,49.5,,,614.6,31.9,,,1212,30.3,,
1093.5,24.2,,,643.9,17.4,,,1212.4,48.7,,
1164.3,23.6,,,1020.5,32.3,,,1215.4,36.4,,
1313.5,30.6,,,1021.6,28.8,,,1217,40.4,,
1390.3,28.2,,,1064.7,21.2,,,1218,19.8,,
1395.7,49.6,,,1069.2,68.5,,,1219,19.7,,
1440.4,19.3,,,1164.8,106.9,,,1220.6,74,,
1488.8,44.4,,,1267.7,54.5,,,1220.8,29.9,,
1654.4,18.6,,,1301.2,45.1,,,1221.6,37.7,,
1658.5,46.4,,,1459,39.5,,,1222.3,28.2,,
1670.9,39.9,,,1597.9,30.4,,,1222.7,40.5,,
1678.8,33.6,,,1715.7,20,,,1223.7,46,,
1686.2,30.5,,,1724.7,9.8,,,1224,57.7,,
1699.4,47.5,,,1728.9,11.9,,,1224.1,113.6,,
1729.2,42.9,,,1777.3,10.4,,,1225,39.1,,
1741.7,24.4,,,1780.7,5.2,,,1225.5,31.3,,
1764.3,20.4,,,1780.8,7.2,,,1227.2,29.7,,
2031,17.7,,,1824.4,11.9,,,1228.1,19.7,,
2178.9,49.5,,,1833.7,25.5,,,1229.9,75.3,,
2730.4,18.1,,,1841.9,10.9,,,1231.1,19.8,,
54,1.6,,,1862.3,14.2,,,1231.2,27.9,,
54.4,1.3,,,1869.2,42.6,,,1231.9,25.5,,
54.5,1.1,,,1918.3,10.4,,,1233.1,75,,
54.7,1.2,,,1922.3,20.2,,,1233.8,19.9,,
56,3,,,1931.7,7.7,,,1233.8,30.2,,
56.2,4.6,,,1952.3,8,,,1234.5,34,,
56.5,1,,,1998.5,16.1,,,1234.9,97.8,,
57.4,1.3,,,2072.4,32.3,,,1235.6,47.1,,
57.6,2.4,,,2089.2,11.1,,,1238,24.1,,
57.8,1.7,,,2472.1,19.3,,,1238.7,20.2,,
57.9,3.2,,,2481.9,7.6,,,1239,20,,
58.4,2.1,,,2558.9,21.1,,,1240.1,21,,
59.6,4.7,,,2666.2,4.9,,,1240.3,53.1,,
60.2,3.5,,,3063,6.1,,,1241.9,25.1,,
60.6,2.8,,,88.7,2.1,,,1242.6,100.6,,
61.2,1.2,,,91.7,3,,,1245.2,45,,
62.6,3.4,,,92.5,1.4,,,1246.2,21,,
64.3,3,,,94.6,3.8,,,1246.4,45.9,,
64.6,3.3,,,94.8,2.7,,,1246.8,34.6,,
65.9,3.5,,,95,1,,,1248.2,20.3,,
68.1,1.7,,,95.1,1.5,,,1248.6,44.7,,
69.6,3.7,,,95.1,1.5,,,1250.4,72.6,,
71.4,1.9,,,95.2,0.5,,,1252,57.6,,
72,2.8,,,95.4,1.4,,,1252.2,44.4,,
73.7,1.7,,,95.9,1.7,,,1252.6,30.6,,
73.8,3.2,,,95.9,2,,,1252.8,26.6,,
74.3,4.3,,,96,1.2,,,1252.9,49.5,,
74.8,4,,,96,2.2,,,1253.8,79.7,,
76,5.4,,,96.2,1.2,,,1254.1,28.8,,
76.1,3.4,,,96.4,2.4,,,1255.8,56.7,,
76.2,4.7,,,96.7,2.9,,,1256.4,36.5,,
77.8,2.3,,,96.8,0.7,,,1258.4,14.1,,
78.6,3,,,96.9,1.3,,,1259.4,64.2,,
79.2,3.5,,,96.9,1,,,1260.7,24.6,,
79.4,3.8,,,97.2,2,,,1261.4,36.8,,
80.1,1.9,,,97.3,3,,,1262,81,,
80.2,3.5,,,97.3,1.9,,,1263.7,19.9,,
81.5,2.7,,,97.4,1.4,,,1264.1,42.1,,
84.2,2.9,,,97.4,1.7,,,1271,20,,
93.5,2.2,,,97.4,1.1,,,1272.3,113.4,,
95.9,3,,,97.6,1.1,,,1273.4,56.6,,
96.5,3.5,,,97.7,1.2,,,1275,34.6,,
96.7,3.4,,,97.7,1.8,,,1276,57.3,,
116.2,4.9,,,97.9,2,,,1281,33,,
121.3,4.1,,,98,2.5,,,1283.5,52,,
121.4,3.9,,,98.1,0.5,,,1284.1,26,,
124.9,3.4,,,98.3,1.5,,,1285.4,51,,
251.6,7.4,,,98.5,0.8,,,1289.2,112.4,,
252,6.9,,,98.8,1,,,1289.8,19.5,,
270.9,15.1,,,99,0.7,,,1291.3,38.1,,
422.8,7.9,,,99.2,1.7,,,1293,82,,
452.4,11.2,,,99.3,0.8,,,1293.2,46.4,,
453,25.3,,,99.3,0.5,,,1293.3,28.8,,
578.1,17.6,,,99.3,1.2,,,1294,66.4,,
610.9,24.4,,,99.3,0.9,,,1296.6,19.5,,
859.7,24.7,,,99.4,1.6,,,1298.6,25.6,,
868.3,26.1,,,99.4,1,,,1301.4,21.6,,
978.2,28.4,,,99.6,0.5,,,1302,19,,
1013,12.6,,,99.8,1.4,,,1302.6,33.5,,
1054.5,23.4,,,100.1,1.6,,,1303.8,36.8,,
1059,59.4,,,100.2,1.2,,,1305.6,38.1,,
1082.1,33.3,,,100.7,1.7,,,1306.1,29.7,,
1110.7,37.6,,,100.7,1.9,,,1307.1,47.6,,
1134.3,24.4,,,100.9,1.1,,,1307.9,57.1,,
1135.2,39.3,,,101.8,1,,,1310.6,19.4,,
1355.2,22,,,102,1,,,1311.9,19.4,,
1402.2,20.8,,,102.2,1.1,,,1312.3,105.5,,
1404.3,23,,,102.6,1,,,1312.5,27.2,,
1407.3,26.7,,,102.9,1.3,,,1313.4,59.4,,
1409.5,20.3,,,103.4,0.4,,,1313.7,40.3,,
1411.3,19.3,,,154.3,0.9,,,1314.1,19.4,,
1414.6,20.4,,,238.8,2.4,,,1315.3,82.3,,
1427.7,19.2,,,242.5,6.7,,,1316.5,28.7,,
1617.1,23.3,,,385.2,5,,,1317.2,31.6,,
1645.1,33.4,,,615.1,5.1,,,1317.5,27.2,,
1646.4,34.9,,,667.4,3.8,,,1317.6,19.4,,
1672.8,27.9,,,1039.8,71.2,,,1318,85.7,,
1760.4,32.7,,,1050.1,69.2,,,1318.2,65.7,,
1780.6,33.9,,,1059.5,56,,,1320,36.8,,
1818.2,20.6,,,1110.8,27.8,,,1322.2,82.6,,
1949.3,58.3,,,1162,41,,,1323,24,,
2160.6,18.7,,,1187.3,34.1,,,1323.9,94.7,,
55.6,2.9,,,1257.5,32.3,,,1328.2,42.6,,
56.2,2.9,,,1262.3,22.7,,,1328.6,19.9,,
56.4,1.5,,,1320.4,38.4,,,1334.3,150.6,,
58.3,1.1,,,1393.3,18.8,,,1334.4,27.7,,
58.9,3.7,,,1627.3,18.7,,,1336.7,22.9,,
59.5,3.8,,,1664.1,13,,,1338.1,31.9,,
61.8,4.3,,,1739.6,22.6,,,1339,19.9,,
65.8,3.2,,,1777.6,26.6,,,1340.4,41.8,,
67.6,2.6,,,1778.1,22.5,,,1340.7,37.5,,
70.9,2.2,,,1784.2,28.6,,,1347.3,30.9,,
72.8,6.8,,,1791.2,24.6,,,1348.6,28,,
73.3,4.3,,,1794.7,24.9,,,1350.8,67.6,,
77,2.2,,,1799,21.7,,,1350.9,27,,
77.6,2.9,,,1809.7,31.3,,,1351,61,,
81.2,2.2,,,1849.5,19.1,,,1352.1,19.3,,
81.2,3.8,,,1854.6,35.5,,,1353.1,19.4,,
84.1,4.4,,,1887,20.5,,,1355.4,43.8,,
87.6,4.6,,,1912.4,23.8,,,1356.1,27.4,,
87.8,3.1,,,1926.7,35,,,1356.5,19.3,,
88,2.4,,,1941.3,16.1,,,1356.7,19.3,,
90.1,5.2,,,1950.1,23.8,,,1358.8,33.4,,
90.4,2.2,,,1970.8,36.7,,,1359,46.1,,
90.6,2.5,,,1974.1,25.5,,,1359.9,57.4,,
91.3,4.5,,,2103.2,14.4,,,1362.1,48.1,,
95.8,5,,,2272,34.3,,,1362.8,28.6,,
96.3,2.8,,,2466.9,33.3,,,1367.4,48,,
98.4,6.5,,,2580.1,21,,,1367.8,36.9,,
98.6,6,,,2587.6,24.9,,,1369,52,,
244.5,12.1,,,2617.4,19.6,,,1370.9,23.6,,
249.9,5.6,,,2673.8,20.7,,,1373.5,84.9,,
257.2,11.1,,,2728.1,21.4,,,1374,22,,
268.9,9.2,,,2736.8,13.2,,,1377.2,19.4,,
277.6,14.4,,,95.5,1.2,,,1377.4,28.1,,
295.4,13.3,,,97.3,1.1,,,1377.5,28.1,,
337.6,22.7,,,97.7,0.4,,,1378.7,28.6,,
347.8,11.1,,,97.7,1.5,,,1379.6,19.3,,
377.4,10.4,,,98.1,1.8,,,1380.3,39.1,,
417.6,36.3,,,98.7,0.5,,,1380.6,35.8,,
425.2,6.6,,,98.7,1.4,,,1380.9,31.7,,
435,11.6,,,99.6,0.9,,,1381.3,29.6,,
452.1,16,,,99.6,0.8,,,1382.1,28.4,,
456.8,32.5,,,99.8,0.7,,,1382.6,58,,
462.7,7.6,,,99.9,2.8,,,1383.6,9.8,,
472.5,26.1,,,100.1,0.9,,,1383.7,78.6,,
475.8,13.6,,,101.6,0.6,,,1384.2,22.2,,
524.3,9.1,,,101.7,0.8,,,1384.5,22.3,,
615.6,30.1,,,101.7,0.9,,,1386.6,27.5,,
666,32.4,,,102.6,1.2,,,1387.3,19.3,,
694.2,45.3,,,103.8,0.9,,,1388.7,49,,
820,49,,,104.5,0.3,,,1389,31.3,,
884.1,29.7,,,108.7,1.5,,,1391,23,,
963.9,9,,,109.5,4,,,1393,19.4,,
970.7,9,,,151.5,2,,,1393.3,31.9,,
1013.9,18.5,,,163.5,2.5,,,1393.3,43.3,,
1027.8,16.6,,,358.9,11,,,1395.7,34.5,,
1032.1,60.4,,,416.3,6.3,,,1397.3,51.8,,
1055.9,19.4,,,426.9,2,,,1398.7,31.8,,
1104,25,,,471.5,4.3,,,1401.2,134.7,,
1128.4,27.2,,,472.6,10.8,,,1401.5,33.1,,
1168.4,61.5,,,571,16.3,,,1402.2,61,,
1176,20.1,,,584.5,7.4,,,1403.8,19.2,,
1225.8,33.1,,,585.9,12.7,,,1408.9,45,,
1286.8,49.4,,,592.1,3.5,,,1411,126.7,,
1343.6,24.4,,,604.7,13.4,,,1411.4,31.4,,
1386.4,37.4,,,654.1,3.1,,,1412.9,19.6,,
1434,25.9,,,681.1,26.9,,,1416.1,19.1,,
1451.3,34.2,,,801.8,9.1,,,1416.7,35.4,,
1455.1,27.7,,,1031,32.6,,,1416.7,26.6,,
1514.6,66.4,,,1043.2,16.6,,,1417.8,19.1,,
1645.7,45.3,,,1100.6,24,,,1420.8,26.1,,
1709.7,42.6,,,1158.6,43.4,,,1422.3,49.9,,
1770.2,32,,,1166.3,25.9,,,1423.7,25,,
1770.5,64.3,,,1231.2,9.3,,,1423.9,65.9,,
1803,32.1,,,1277,46.2,,,1424.7,32.5,,
1856,50.1,,,1280.4,68.6,,,1425.2,98.2,,
63.1,2.4,,,1288.9,27.5,,,1426.1,40.7,,
73.3,3.7,,,1349.5,43.6,,,1429.1,26.7,,
75.9,1.7,,,1382.3,45.2,,,1429.4,64.8,,
76,2,,,1416.1,19,,,1429.4,29.8,,
77.1,3.1,,,1449.4,40.1,,,1430.9,19.1,,
79,2.3,,,1453.3,28.8,,,1432,19,,
79.1,2.4,,,1636.9,27.7,,,1434.8,19.3,,
79.3,4.4,,,1644.7,14.5,,,1436,9.8,,
80.6,4.6,,,1662.4,16.2,,,1436.4,52.7,,
80.7,2.8,,,1672.5,26.1,,,1438.3,51.5,,
83.2,2.8,,,1686.5,37.1,,,1438.4,17.7,,
86.2,3.2,,,1693.8,19.2,,,1438.5,33.9,,
90.2,4.4,,,1698.5,52.2,,,1438.6,31.5,,
90.4,4.5,,,1699.9,26.9,,,1438.9,30.6,,
90.6,3.4,,,1707.2,22.5,,,1439.1,19.4,,
90.8,4,,,1709.4,18.2,,,1439.3,36.9,,
214.9,9.3,,,1724.8,22.2,,,1442.9,19.1,,
231,9,,,1725.9,18.4,,,1443.6,41.2,,
232.5,7.3,,,1740.5,18.5,,,1445.6,46.5,,
233,5.6,,,1742.1,39.2,,,1445.8,77.4,,
236.5,8.3,,,1778.2,23,,,1447.1,8.8,,
256.5,15.1,,,1782.9,15.5,,,1447.2,19,,
260.4,12,,,1791,20.6,,,1447.4,28.4,,
260.4,5.2,,,1796.2,27.3,,,1447.6,36.4,,
265.7,5.8,,,1796.5,24.6,,,1448.4,24,,
277.8,18.8,,,1809.4,42,,,1448.8,31.5,,
279.6,6.7,,,1810.9,17.6,,,1449.3,47,,
281.2,11.4,,,1825.1,25.2,,,1450,35.6,,
479.9,12.6,,,1827.2,19.7,,,1450.1,54,,
481.1,18,,,1827.9,16.9,,,1451,19.2,,
489.8,8.3,,,1842.8,32.1,,,1452.3,22.9,,
490,28.2,,,1846.2,47.8,,,1452.4,45.3,,
492.2,15.1,,,1872.5,31.2,,,1453.2,30.5,,
506.2,11.2,,,1895.1,10.8,,,1454.8,42.6,,
566.5,32.1,,,1897.6,34.4,,,1455.1,26.3,,
616.7,10.3,,,1899.7,16.2,,,1455.1,28.9,,
645.1,27.7,,,1916.9,19,,,1457,31.8,,
695.6,27.1,,,1956.5,12,,,1457,38,,
706.6,33.7,,,1963.4,17,,,1458.6,27.3,,
707,45.6,,,1966,23.5,,,1458.8,58.2,,
711.1,20.3,,,2052.6,32.2,,,1459.1,41.2,,
722.8,28.8,,,2102.7,23.3,,,1460.6,38.9,,
787.3,48.4,,,2236.4,18.9,,,1461,53.7,,
792,39.5,,,2361.3,16.4,,,1461.4,54.4,,
800.2,35.7,,,2432.4,55.1,,,1462,37,,
815.3,39.3,,,2490.7,17.2,,,1462.3,95,,
841.4,24.9,,,2626.1,14.7,,,1463.2,26.8,,
851.7,17.4,,,2673.2,13.1,,,1464,27.4,,
912,49.4,,,2680,11.2,,,1464.8,27.7,,
957.2,31,,,2682.9,18.5,,,1465,32.3,,
997,28.5,,,2694.8,13.7,,,1467.6,52,,
1057,114,,,2812.3,12.7,,,1469,19,,
1182,31,,,2820.1,18.8,,,1469.2,19,,
981,72,,,2862.4,17.6,,,1471.4,49.4,,
1608,14,,,3174,16.6,,,1471.6,34.2,,
1122,36,,,92.5,1.8,,,1474.5,26.8,,
1392,31,,,93.2,1,,,1475,19,,
1221,22,,,93.5,0.7,,,1475.9,46.3,,
1455,41,,,93.7,1,,,1476.5,31.5,,
1676,21,,,94.2,0.9,,,1477.1,25.2,,
1433,35,,,95.3,2.6,,,1479.1,27.7,,
1443,29,,,95.7,1.3,,,1479.8,19,,
1664,83,,,96.1,2.6,,,1480,19,,
1602,23,,,96.3,1,,,1480.5,19,,
1468,58,,,96.4,1.7,,,1481,48.9,,
1648,36,,,96.4,2,,,1482.7,46.8,,
1695,14,,,96.4,2.5,,,1483.9,49.5,,
1746,14,,,96.5,0.6,,,1484.3,86.1,,
1686,29,,,97,2.5,,,1485.7,19,,
1738,10,,,97.3,1.6,,,1488.5,60.9,,
1720,34,,,97.5,1.5,,,1488.6,56.8,,
2694,26,,,97.5,1.1,,,1488.7,34.2,,
2611,16,,,97.6,2.2,,,1489.8,39.8,,
60.1,2,,,97.6,1.4,,,1490.5,75.1,,
62,2,,,97.6,1.8,,,1493.6,31.4,,
63.7,2.8,,,97.8,1.9,,,1493.8,32,,
65.7,2.5,,,98,1.2,,,1495,19,,
68.6,4.6,,,98.3,0.5,,,1495.1,22,,
70.5,2,,,98.5,0.8,,,1495.3,27.6,,
100.1,6.3,,,99,2.6,,,1496.7,58.5,,
112.3,4.9,,,99.1,2.1,,,1497,18.9,,
115.9,4,,,99.3,1.1,,,1498.3,44.2,,
118,14.2,,,99.4,1.3,,,1499.4,27.6,,
120.1,4.7,,,99.8,1.4,,,1499.5,18.9,,
122.1,8.2,,,100.2,2.4,,,1500.8,18.9,,
125.7,10,,,100.3,1.3,,,1501.6,18.9,,
128.8,5.7,,,101.2,3.7,,,1503.6,22.5,,
144,4.2,,,101.4,3,,,1504.9,29.9,,
150.3,3.6,,,101.6,1.8,,,1505.3,13.4,,
153.1,13.4,,,101.8,2.5,,,1507.1,18.9,,
154.3,6.8,,,102.3,1.4,,,1507.5,58.3,,
155.8,10.5,,,104.6,0.3,,,1509,28.2,,
157.5,6,,,108,1.7,,,1509.9,29.3,,
171.4,5.8,,,108.4,1.5,,,1513.2,22.1,,
226.2,12.1,,,109.6,2.5,,,1513.4,139.1,,
228.7,7.5,,,167.2,1,,,1513.4,63.8,,
281,12.7,,,171.9,2.1,,,1513.8,22.1,,
288.4,20.4,,,376,7.2,,,1515.2,35.9,,
289.4,12.3,,,421,2.9,,,1519.1,31.3,,
290.1,6.6,,,582.4,8.8,,,1526,33.8,,
400.7,22.1,,,693,5.3,,,1526.1,37.7,,
456.6,16.4,,,996.5,14.2,,,1527.1,21,,
474.3,19.9,,,1020.4,25.3,,,1528,20,,
474.5,13.9,,,1039.4,60.1,,,1528.6,70.3,,
509.3,11.7,,,1064.4,29.7,,,1531.5,26.5,,
524.3,6.9,,,1143.7,19.6,,,1531.6,49.6,,
566.8,15.7,,,1189.9,24.9,,,1534.3,53.7,,
778.4,10.6,,,1235.6,44.9,,,1534.9,19,,
896.9,31.5,,,1241.4,20.8,,,1535.9,39,,
961.5,65.3,,,1260.4,31.5,,,1536.1,41.2,,
980.8,22.9,,,1363.1,17.4,,,1536.8,24.3,,
993,18.8,,,1425.5,23.1,,,1538.8,52.3,,
1018,78,,,1446.3,19.5,,,1539.1,22.6,,
1159,50,,,1450.9,11.1,,,1539.7,18.8,,
1130,26,,,1457,31.3,,,1541.6,41.2,,
1221,21,,,1478.2,20.5,,,1544.7,38.7,,
1406,37,,,1484.1,14.1,,,1549.3,61.9,,
1427,43,,,1507.3,19.3,,,1549.6,25.8,,
1414,31,,,1535.4,35.8,,,1551.3,92.3,,
1400,80,,,1552.9,46,,,1552,46,,
1452,36,,,1567.5,21,,,1554.2,29,,
1639,20,,,1592.6,22.5,,,1557.1,34.7,,
1735,5,,,1641.9,21.2,,,1557.8,43.8,,
1779,27,,,1704.5,12.9,,,1563.9,29.8,,
1710,23,,,1724.7,14.8,,,1566.4,31.6,,
1772,32,,,1736.4,26.3,,,1568.5,23.1,,
1716,12,,,1774.9,18.6,,,1571,20.6,,
2542,10,,,1783.8,13.7,,,1571.9,32,,
,,,,1789.1,15.5,,,1578,35.9,,
,,,,1794.4,18.4,,,1579.1,43.6,,
,,,,1794.8,29.5,,,1579.9,21,,
,,,,1797.1,23.2,,,1583.4,59.5,,
,,,,1797.8,20.5,,,1587.3,44.1,,
,,,,1798.6,17.1,,,1589,27.5,,
,,,,1798.8,18.5,,,1592.5,61.5,,
,,,,1806.8,12.7,,,1592.9,57.8,,
,,,,1809.3,13.9,,,1603.6,36,,
,,,,1816.8,14.5,,,1606.4,42.6,,
,,,,1823.5,29,,,1606.4,74.4,,
,,,,1826.8,28.3,,,1606.5,30.6,,
,,,,1836.8,47.8,,,1609.8,21.5,,
,,,,1852.7,11.9,,,1613.5,20.3,,
,,,,1868,15.5,,,1613.6,42.1,,
,,,,1918.2,23.1,,,1616,18.7,,
,,,,1924.3,17,,,1616.1,19,,
,,,,2005.9,21.2,,,1617.1,18.6,,
,,,,2072.1,15.7,,,1619.1,27.5,,
,,,,2072.7,18.8,,,1621.6,66.9,,
,,,,2098.2,17.2,,,1622.3,36.7,,
,,,,2256.5,15.9,,,1622.9,34.1,,
,,,,2407.1,10.6,,,1624,25,,
,,,,2456.7,17.4,,,1624.8,45.2,,
,,,,2620.2,11.2,,,1626.7,44,,
,,,,2880.8,10.9,,,1627.1,29.9,,
,,,,2916.7,24,,,1629,34.5,,
,,,,89.4,8.5,,,1634.2,25.6,,
,,,,93.4,4.4,,,1634.6,18.6,,
,,,,93.9,1.4,,,1634.6,70.2,,
,,,,94.1,2.9,,,1636.4,24.4,,
,,,,95.4,1.2,,,1637.6,66,,
,,,,95.4,0.9,,,1639.6,50,,
,,,,95.6,1.9,,,1640.6,36.6,,
,,,,95.7,1.5,,,1642.3,39.9,,
,,,,95.9,1.1,,,1645,19.8,,
,,,,96,7,,,1645.3,11,,
,,,,96.1,0.7,,,1646.8,53.3,,
,,,,96.4,1.3,,,1647.2,29.4,,
,,,,96.4,3.4,,,1648.9,18.5,,
,,,,96.5,1.5,,,1649.1,18.5,,
,,,,96.7,1.6,,,1650.2,26.7,,
,,,,96.7,1.1,,,1656.7,34.6,,
,,,,96.8,1.2,,,1656.8,46.1,,
,,,,96.9,1,,,1656.8,60.8,,
,,,,97.2,1.3,,,1657.1,26,,
,,,,97.3,1.9,,,1659.1,18.7,,
,,,,97.4,0.7,,,1659.2,26.5,,
,,,,98.1,1.8,,,1659.6,53.2,,
,,,,98.3,0.7,,,1660.8,18.5,,
,,,,98.4,1.3,,,1661.3,33.5,,
,,,,98.4,2.4,,,1662.8,30.7,,
,,,,99.2,1,,,1663,61,,
,,,,99.4,1.2,,,1663,61,,
,,,,99.9,2.1,,,1663.3,18.9,,
,,,,100,1.7,,,1664.2,22.4,,
,,,,101.3,1.8,,,1664.5,62.4,,
,,,,142.8,3.5,,,1665.6,39.8,,
,,,,183,1.7,,,1666.3,39.6,,
,,,,196.1,3.2,,,1666.7,19.5,,
,,,,407.3,10,,,1669.3,23,,
,,,,422.2,9.4,,,1669.8,27.9,,
,,,,446.9,7.3,,,1671,35.2,,
,,,,495.8,3.8,,,1672,26,,
,,,,607,9.5,,,1672.9,31.3,,
,,,,942.8,40.4,,,1673,18,,
,,,,1023.2,40.1,,,1673.5,44.9,,
,,,,1041,59.2,,,1675.5,20.3,,
,,,,1063.2,39.5,,,1677.3,54.1,,
,,,,1063.7,18.7,,,1678.1,32.6,,
,,,,1065,54.7,,,1679.6,60.6,,
,,,,1069,20.1,,,1681,46.8,,
,,,,1073.3,49.6,,,1682.4,44.7,,
,,,,1085.5,36.3,,,1683.4,31.2,,
,,,,1123.6,28.3,,,1683.7,18.5,,
,,,,1152.2,30.6,,,1685.4,55.8,,
,,,,1421.6,11.5,,,1685.8,19.6,,
,,,,1479.2,40.2,,,1686.4,29.4,,
,,,,1505.3,42.1,,,1687,73.7,,
,,,,1648.8,28.6,,,1687,62.4,,
,,,,1779.8,22.4,,,1687.4,30,,
,,,,1801.6,13.8,,,1687.5,35.5,,
,,,,1854.7,25.7,,,1688.2,19.6,,
,,,,1926.1,17.9,,,1688.3,44.7,,
,,,,2057.4,8.1,,,1689.6,18.4,,
,,,,2091.4,19,,,1690.7,27.4,,
,,,,2532.8,14.6,,,1690.9,25.1,,
,,,,2615,13.3,,,1691.7,36.2,,
,,,,2668.4,14.1,,,1697,47.4,,
,,,,2671.2,40.2,,,1698,56.8,,
,,,,2677.3,16.5,,,1698.7,30.5,,
,,,,2678.8,22.2,,,1698.7,37.5,,
,,,,2724.6,49.4,,,1698.9,50.5,,
,,,,2727,26,,,1700.1,18.4,,
,,,,2732.7,51.7,,,1700.8,23.8,,
,,,,2759.8,31.5,,,1701.7,40.9,,
,,,,2796.1,24.2,,,1703.3,125.5,,
,,,,2799.4,19.1,,,1705.3,142.3,,
,,,,2844.9,40.9,,,1705.6,153.6,,
,,,,2861.5,17.7,,,1706,27,,
,,,,2885.1,16.7,,,1709.8,35,,
,,,,2918.1,10.8,,,1711.5,18.4,,
,,,,2980.1,30.8,,,1714.5,23.4,,
,,,,2981,28.8,,,1715.4,48.4,,
,,,,2986,25.3,,,1715.5,18.4,,
,,,,2993.5,47,,,1716,18,,
,,,,3034.4,16.5,,,1717.8,59.1,,
,,,,3068.6,30.4,,,1717.8,32.9,,
,,,,3074,32.4,,,1717.8,50.7,,
,,,,3112.2,80.2,,,1719.4,16.5,,
,,,,3187.5,29.4,,,1720.3,30.3,,
,,,,3217,27,,,1721,18,,
,,,,3232.1,31.6,,,1721.2,18.9,,
,,,,3235.4,61.5,,,1721.9,18.4,,
,,,,3245.8,23.5,,,1722.2,34.7,,
,,,,3273.7,24.8,,,1722.5,30.3,,
,,,,3285.5,31.6,,,1724.1,21.3,,
,,,,3324.1,11.9,,,1726.1,94.5,,
,,,,3324.9,49,,,1728,21.3,,
,,,,3328.2,14.9,,,1728.1,18.4,,
,,,,3350.1,23.4,,,1730.8,30.5,,
,,,,3366.3,15.9,,,1731.4,27.9,,
,,,,3433.8,34,,,1733.2,18.8,,
,,,,3476.3,140,,,1733.7,9.4,,
,,,,92,4.2,,,1734.1,30.5,,
,,,,92.6,1.9,,,1734.5,19.1,,
,,,,92.7,2.3,,,1734.7,58.3,,
,,,,93.3,4.6,,,1736,18,,
,,,,94,3.6,,,1736.4,33.6,,
,,,,94.5,2.4,,,1737.6,46.3,,
,,,,94.7,2.4,,,1738.2,23.3,,
,,,,94.9,6.7,,,1738.6,12.7,,
,,,,95.2,2.4,,,1740.5,18.3,,
,,,,95.3,1.7,,,1742.7,12.3,,
,,,,95.5,2.6,,,1744.2,30.1,,
,,,,95.8,5.9,,,1744.3,26.6,,
,,,,95.8,5.5,,,1746.6,30.2,,
,,,,96,1.9,,,1748.3,31.3,,
,,,,96.1,2.9,,,1749,3.7,,
,,,,96.4,3.5,,,1749.1,18.3,,
,,,,96.7,3.4,,,1749.5,18.3,,
,,,,96.8,4.4,,,1749.5,31,,
,,,,96.9,3.9,,,1750.1,25.4,,
,,,,97.2,5.3,,,1750.5,28.2,,
,,,,97.3,1.4,,,1751.6,13.7,,
,,,,97.6,7.7,,,1752.6,670.5,,
,,,,97.7,2.6,,,1753.5,32.7,,
,,,,97.8,6.7,,,1754.9,19.2,,
,,,,97.8,7.3,,,1755.1,20.3,,
,,,,97.9,1.6,,,1757.3,40.6,,
,,,,97.9,3.7,,,1760.1,25.4,,
,,,,98.1,3.6,,,1761.1,26.9,,
,,,,98.2,2.7,,,1761.4,30,,
,,,,98.7,3.6,,,1761.8,24.9,,
,,,,98.7,3.7,,,1762.1,30.4,,
,,,,98.8,4.2,,,1763.3,34,,
,,,,98.9,3.7,,,1763.7,32,,
,,,,99.3,2.3,,,1764.1,59.2,,
,,,,100.1,3.2,,,1767.8,18.5,,
,,,,100.1,6.8,,,1772.5,25.7,,
,,,,100.4,3.1,,,1773.5,21.6,,
,,,,100.6,1.9,,,1774.8,65.2,,
,,,,101.5,3.5,,,1775.2,16.3,,
,,,,102.1,1.5,,,1776.6,8.4,,
,,,,102.7,3.9,,,1778.1,29.1,,
,,,,104.9,3.2,,,1779.8,18.2,,
,,,,105.6,3,,,1780.2,35.8,,
,,,,105.9,5.2,,,1780.8,20.9,,
,,,,109.2,7.4,,,1784.1,31.6,,
,,,,153.4,6.8,,,1784.4,56.3,,
,,,,372.2,8.1,,,1785,3,,
,,,,549.3,16.9,,,1786,59.6,,
,,,,853.9,14.9,,,1786.5,18.2,,
,,,,977.7,22.9,,,1788.2,31.3,,
,,,,997.4,14.6,,,1790.1,23.6,,
,,,,1038.8,75,,,1790.2,18.2,,
,,,,1062.2,10.2,,,1792.6,18.2,,
,,,,1239.8,13.2,,,1794.7,23,,
,,,,1329.9,7.6,,,1799.9,18.2,,
,,,,1375,13.8,,,1806.3,18.2,,
,,,,1611.8,32.4,,,1807,18,,
,,,,1653.8,5.2,,,1807.2,39.1,,
,,,,1669.2,31.7,,,1810.6,34.2,,
,,,,1712,12.3,,,1810.6,21.4,,
,,,,1780.9,10.9,,,1811.4,45.7,,
,,,,1782.2,14.2,,,1811.6,86.5,,
,,,,1782.6,5.9,,,1811.7,20.2,,
,,,,1784.5,11,,,1812.3,25.8,,
,,,,1785.6,13.3,,,1814.8,50.7,,
,,,,1790.3,9.5,,,1815,18.4,,
,,,,1792.9,4.2,,,1816.2,47.4,,
,,,,1793,7.6,,,1817.5,51.6,,
,,,,1793.4,4.4,,,1823.2,48.3,,
,,,,1805.6,17.6,,,1823.4,21.6,,
,,,,1839.4,17.4,,,1823.9,11.5,,
,,,,1856,8.4,,,1824.5,21,,
,,,,1857.5,16.7,,,1825,18.1,,
,,,,1872.6,21,,,1825.6,30.3,,
,,,,1898.6,28.3,,,1826.3,18.2,,
,,,,1900.2,30,,,1827.2,16.8,,
,,,,1915.4,63.2,,,1828.2,18.1,,
,,,,1915.8,21.1,,,1828.5,22.3,,
,,,,1923.5,34.8,,,1830.9,18.1,,
,,,,1991.7,12.7,,,1834.9,28.8,,
,,,,2077.7,21.8,,,1835.6,28,,
,,,,2385.3,5.4,,,1836.6,28.3,,
,,,,2512,21.5,,,1837.1,34.1,,
,,,,2582.3,15.7,,,1838.3,27.3,,
,,,,2621.5,11.6,,,1838.5,18.1,,
,,,,2673.5,4.2,,,1839.4,18.1,,
,,,,2695.6,8.8,,,1840.1,24.6,,
,,,,2707.2,6.8,,,1840.6,11.2,,
,,,,2744.2,5.5,,,1840.7,21.2,,
,,,,2749.5,5.5,,,1844.8,57.2,,
,,,,2984,7.2,,,1846.6,31.9,,
,,,,81.6,4,,,1847,75.1,,
,,,,84,6.1,,,1847.7,22.8,,
,,,,86.8,9.5,,,1849.3,47,,
,,,,87.1,7.6,,,1850.2,42.1,,
,,,,87.8,5.6,,,1850.9,42.7,,
,,,,87.9,3.6,,,1851.8,25.7,,
,,,,88,6.5,,,1852.2,58.7,,
,,,,88.1,5.9,,,1852.2,27.5,,
,,,,88.4,11.4,,,1852.7,31.7,,
,,,,88.4,8.8,,,1855.1,36.2,,
,,,,88.5,8.5,,,1856,37.8,,
,,,,88.8,5.2,,,1860.2,18.1,,
,,,,88.9,7.2,,,1861.7,26.7,,
,,,,90.4,1.3,,,1862.3,26.7,,
,,,,90.5,3.1,,,1863.8,24.2,,
,,,,90.6,8.1,,,1864.4,20.9,,
,,,,90.9,1.4,,,1868.6,31.1,,
,,,,91.1,11,,,1868.8,39.3,,
,,,,91.4,5.3,,,1870,44,,
,,,,91.6,10,,,1872.7,34.7,,
,,,,91.7,3.6,,,1873.6,18.1,,
,,,,92.5,3.3,,,1875.4,31.7,,
,,,,92.7,1.9,,,1876.4,28,,
,,,,92.7,1.9,,,1883.8,49.6,,
,,,,92.8,9.5,,,1885,20,,
,,,,92.8,1.7,,,1890.2,67.2,,
,,,,92.8,1.9,,,1892.1,29.9,,
,,,,93.5,4.2,,,1892.7,22.8,,
,,,,93.7,2,,,1894.8,33.1,,
,,,,93.8,7.1,,,1896.1,19.1,,
,,,,93.8,8.6,,,1896.7,27.3,,
,,,,93.9,6.8,,,1897.6,34.9,,
,,,,94,2.4,,,1898.1,18.1,,
,,,,94.1,5.1,,,1899.7,18,,
,,,,94.3,7.1,,,1905.4,18,,
,,,,94.5,6.7,,,1909.5,76.2,,
,,,,94.5,5,,,1910.4,22.3,,
,,,,94.7,5.5,,,1916,18,,
,,,,95,3.3,,,1916.6,22.1,,
,,,,95.1,6.7,,,1918.8,18.1,,
,,,,95.3,6.4,,,1920.1,18.3,,
,,,,95.3,3.2,,,1922.2,19.4,,
,,,,95.4,5.9,,,1923.3,25.1,,
,,,,95.5,3.1,,,1925.3,58.9,,
,,,,95.8,6,,,1927.8,36.2,,
,,,,96.2,4.5,,,1933.2,27.4,,
,,,,96.3,4.5,,,1934.3,22.9,,
,,,,96.4,9.1,,,1935.4,20.5,,
,,,,96.6,4.4,,,1946.9,20.1,,
,,,,97,3.3,,,1950.6,86.2,,
,,,,97.1,5.2,,,1954,18,,
,,,,98.3,1.7,,,1955.8,17.9,,
,,,,98.3,5.7,,,1964.5,29.1,,
,,,,98.5,3.3,,,1966.7,25.7,,
,,,,98.7,11.5,,,1968.6,63.7,,
,,,,98.8,7.1,,,1969.3,22.8,,
,,,,99.6,6.2,,,1973,33.8,,
,,,,99.8,2.6,,,1975.5,27.3,,
,,,,100.5,5.3,,,1987.8,17.8,,
,,,,100.6,2.2,,,1989.8,23.7,,
,,,,100.8,4.7,,,1994.1,7.8,,
,,,,101.7,5.3,,,1995,27.2,,
,,,,102.4,4.5,,,1999.6,27.9,,
,,,,104.6,3.6,,,2001,53.3,,
,,,,104.9,7.7,,,2004.3,21.3,,
,,,,121.1,7.8,,,2009.3,17.7,,
,,,,151.7,7.1,,,2028.7,22.1,,
,,,,168.8,4.4,,,2029,17.7,,
,,,,579.6,21.3,,,2032,18,,
,,,,1143.4,43.8,,,2039,17.7,,
,,,,1162.4,13.4,,,2043.7,27.8,,
,,,,1167.8,184.4,,,2046.5,17.7,,
,,,,1438.1,8.2,,,2056,24.7,,
,,,,1719.1,12.2,,,2063.9,17.7,,
,,,,1749,10.1,,,2066.2,47.5,,
,,,,1767.9,39.9,,,2066.7,35.6,,
,,,,1775.1,14,,,2067.9,30,,
,,,,1787.9,5.7,,,2068.1,35.3,,
,,,,1790.8,11.7,,,2078.6,35.2,,
,,,,1791.5,11.1,,,2079.7,17.6,,
,,,,1795.9,17.5,,,2080.4,8.5,,
,,,,1796.6,13.2,,,2084.5,31.2,,
,,,,1797.7,14.1,,,2088.7,18.7,,
,,,,1799.9,8.3,,,2091.2,45.2,,
,,,,1801.6,27.1,,,2094.8,54.5,,
,,,,1812.2,16.6,,,2099.9,18.3,,
,,,,1816.5,14.3,,,2104.2,17.6,,
,,,,1820.9,13.4,,,2109.1,20.5,,
,,,,1821.8,27.1,,,2112.5,45.7,,
,,,,1828.7,17.1,,,2118.7,22.3,,
,,,,1830.6,15.5,,,2128.9,25.6,,
,,,,1903.9,10.5,,,2138.9,34.5,,
,,,,2433.3,9.8,,,2139.7,45.3,,
,,,,2570.9,5.5,,,2140.4,17.5,,
,,,,2761.9,18.5,,,2141,25.7,,
,,,,3305,4.2,,,2142.7,39.1,,
,,,,78.4,0.7,,,2148,51.6,,
,,,,84,1.9,,,2153.1,18.6,,
,,,,84.7,1.5,,,2155.8,75.1,,
,,,,87,1.5,,,2156.2,30.7,,
,,,,87.9,1.1,,,2156.6,22,,
,,,,89.8,2.9,,,2167.7,41.2,,
,,,,91.7,1.6,,,2168.7,34.3,,
,,,,91.8,1.7,,,2172.8,17.9,,
,,,,92.3,1.5,,,2181.8,17.4,,
,,,,92.3,0.7,,,2183.1,34.9,,
,,,,92.9,2.2,,,2185.5,35.8,,
,,,,92.9,0.7,,,2201.7,65,,
,,,,93.4,1.2,,,2215.8,33.1,,
,,,,95.6,1.1,,,2297.3,17.3,,
,,,,96.2,1.7,,,2400.2,65.8,,
,,,,96.9,1.4,,,2401.7,28.6,,
,,,,97,1.8,,,2468.1,27,,
,,,,97.1,9.1,,,2492.4,36.1,,
,,,,97.7,1.1,,,2499.4,16.8,,
,,,,98.3,1.7,,,2499.6,21.8,,
,,,,98.5,1.5,,,2502.5,16.9,,
,,,,98.5,1.2,,,2503.7,28.5,,
,,,,99.3,1.6,,,2503.9,5.7,,
,,,,99.3,2.4,,,2505.6,16.8,,
,,,,99.7,0.7,,,2524.4,39.6,,
,,,,100.7,1.5,,,2529.3,25.8,,
,,,,102.1,1.7,,,2541.4,27.8,,
,,,,102.5,1.8,,,2557.4,23.9,,
,,,,106,2.2,,,2565.1,16.7,,
,,,,114.9,2.3,,,2570.9,24.1,,
,,,,634.2,6.4,,,2580.3,38.9,,
,,,,875,27.6,,,2586,17,,
,,,,951.5,11.1,,,2612,17,,
,,,,1010.2,46.4,,,2613.1,40.8,,
,,,,1054.9,47.8,,,2614.1,37.6,,
,,,,1089.8,39.8,,,2623.3,16.6,,
,,,,1150.2,31.7,,,2626.2,48.9,,
,,,,1350,27.5,,,2629.5,16.6,,
,,,,1369.6,11.8,,,2629.7,16.8,,
,,,,1371.3,55.2,,,2640.3,38.2,,
,,,,1390.1,12.7,,,2657.5,29.5,,
,,,,1418.5,53.9,,,2657.9,9.6,,
,,,,1494.7,49.8,,,2663.7,22.4,,
,,,,1591.8,42.9,,,2668.1,41.9,,
,,,,1646.5,19.7,,,2671.2,16.6,,
,,,,1661.5,51.8,,,2674.7,16.6,,
,,,,1665,57,,,2675.6,7.2,,
,,,,1668.4,56.7,,,2677,16.6,,
,,,,1673.9,69.5,,,2678.2,23.2,,
,,,,1726.8,36.5,,,2682.7,22.5,,
,,,,1730.5,31.3,,,2685.4,24,,
,,,,1731.9,31.6,,,2690,9.8,,
,,,,1737.8,31.6,,,2690,16.5,,
,,,,1753,46.1,,,2694,27.9,,
,,,,1754,65.1,,,2694.4,16.5,,
,,,,1770.9,48.8,,,2695.7,23.5,,
,,,,1780.1,50.9,,,2696.6,23.2,,
,,,,1782.1,33.4,,,2697,35,,
,,,,1782.5,58,,,2697.3,36.3,,
,,,,1814.3,57.4,,,2699.5,17.7,,
,,,,1828.4,43.5,,,2699.6,23.3,,
,,,,1953.2,44.8,,,2699.6,36.2,,
,,,,1992.5,49.9,,,2703.2,25.9,,
,,,,2650.7,47.3,,,2704.4,23.6,,
,,,,2690.2,51.8,,,2709,21.5,,
,,,,93.7,3.1,,,2711.9,16.5,,
,,,,93.9,2.8,,,2712.4,16,,
,,,,94,2,,,2716.7,7.3,,
,,,,94.3,3.6,,,2719.6,34.3,,
,,,,94.4,3,,,2724.2,43.2,,
,,,,95.4,2.5,,,2730.3,24.1,,
,,,,95.7,2.1,,,2730.5,30.3,,
,,,,96.1,1.6,,,2731.9,20.9,,
,,,,96.2,4.6,,,2733.8,16.5,,
,,,,96.2,1.7,,,2735.1,16.5,,
,,,,96.3,5.5,,,2737.7,16.5,,
,,,,96.3,3.3,,,2742.4,6.8,,
,,,,96.3,2,,,2743.1,28.5,,
,,,,96.5,3.9,,,2743.7,16.4,,
,,,,96.7,1.9,,,2745,16,,
,,,,96.8,6.6,,,2746,47.5,,
,,,,97.2,2.9,,,2749.8,18.9,,
,,,,97.3,3.8,,,2754.2,22.4,,
,,,,97.3,4.4,,,2755.5,5.5,,
,,,,97.5,3.5,,,2755.7,16.5,,
,,,,98.4,3.4,,,2756.3,16.8,,
,,,,98.5,1.7,,,2756.5,55,,
,,,,98.6,5.3,,,2757.8,25.6,,
,,,,98.6,1.7,,,2763,16,,
,,,,98.7,3,,,2763.5,28.3,,
,,,,98.7,3,,,2764.5,16.6,,
,,,,98.9,2,,,2768,16.4,,
,,,,99.3,3.2,,,2771.8,16.5,,
,,,,99.5,4.3,,,2773.8,21.3,,
,,,,99.8,3.3,,,2784.4,37.2,,
,,,,100,3.1,,,2786.5,16.5,,
,,,,100,1.9,,,2793,31.8,,
,,,,100.2,3.2,,,2793.3,31.6,,
,,,,100.6,2.1,,,2793.8,23.6,,
,,,,100.6,3.6,,,2794.4,16.4,,
,,,,101,4.7,,,2798.7,40.7,,
,,,,101.1,3.2,,,2800.7,18.7,,
,,,,101.1,1.3,,,2806.1,16.4,,
,,,,103,3.5,,,2806.2,80,,
,,,,103.3,3.6,,,2811.1,37.8,,
,,,,104.4,3.3,,,2814.3,30.1,,
,,,,105.3,5.7,,,2815.3,16.4,,
,,,,108.3,4.2,,,2831.9,33.8,,
,,,,108.4,4.8,,,2841.4,16.3,,
,,,,109.1,2.3,,,2844.8,23.1,,
,,,,110.7,3.3,,,2848.2,44.5,,
,,,,118.7,7.5,,,2851.8,16.3,,
,,,,122.1,9.6,,,2856.9,49,,
,,,,157.7,4.7,,,2857.4,56.8,,
,,,,166.5,5.2,,,2862,16.3,,
,,,,173.9,5.9,,,2867.2,21.6,,
,,,,346.9,13.8,,,2868.2,36.4,,
,,,,399,7.6,,,2868.5,35.5,,
,,,,513.1,14.7,,,2868.6,20.7,,
,,,,587.3,10,,,2871.2,48.3,,
,,,,1053.7,42.4,,,2886.2,30.8,,
,,,,1268.7,19.6,,,2888.4,32.5,,
,,,,1455.4,10.4,,,2897.5,16.2,,
,,,,1466.4,10.6,,,2940,17.5,,
,,,,1556.2,19.9,,,2956.1,37.2,,
,,,,1560.9,10.9,,,2983.8,42.7,,
,,,,1617.8,14.5,,,3006.6,16.1,,
,,,,1626.2,16.4,,,3057.6,25.1,,
,,,,1639.1,17.8,,,3065.7,50.8,,
,,,,1661.3,24.7,,,3151.6,55.1,,
,,,,1688.8,12.2,,,3188.6,15.8,,
,,,,1708.6,14.5,,,3349.9,36,,
,,,,1770.7,20.3,,,3378.9,35.6,,
,,,,1778.3,23.6,,,,,,
,,,,1784.5,15.8,,,,,,
,,,,1786.6,11.3,,,,,,
,,,,1789.5,7.8,,,,,,
,,,,1818.4,15.4,,,,,,
,,,,1845.2,22.7,,,,,,
,,,,1851.7,27,,,,,,
,,,,1864.3,9.9,,,,,,
,,,,1865.5,11.9,,,,,,
,,,,1872.2,37.1,,,,,,
,,,,1892.7,38.3,,,,,,
,,,,1923.6,30.8,,,,,,
,,,,1931.1,5.6,,,,,,
,,,,1957.5,9.1,,,,,,
,,,,2064.7,17.3,,,,,,
,,,,2139.3,7.1,,,,,,
,,,,2546.3,6.6,,,,,,
,,,,2591.7,4.4,,,,,,
,,,,2691,15.3,,,,,,
,,,,2825.9,5.3,,,,,,
,,,,3259,4.9,,,,,,
,,,,78.3,5.9,,,,,,
,,,,87,5.2,,,,,,
,,,,88.4,1.4,,,,,,
,,,,88.4,5,,,,,,
,,,,88.5,7.2,,,,,,
,,,,88.8,2.7,,,,,,
,,,,88.9,6.3,,,,,,
,,,,89.1,2.2,,,,,,
,,,,89.2,4.8,,,,,,
,,,,89.3,3.8,,,,,,
,,,,89.7,1.1,,,,,,
,,,,89.8,4.4,,,,,,
,,,,90.2,6.3,,,,,,
,,,,90.5,1.9,,,,,,
,,,,90.6,1.8,,,,,,
,,,,90.6,2.7,,,,,,
,,,,90.9,3.6,,,,,,
,,,,91,3.8,,,,,,
,,,,91.4,3.2,,,,,,
,,,,91.6,3.9,,,,,,
,,,,91.6,2.2,,,,,,
,,,,91.6,4.2,,,,,,
,,,,91.6,2.4,,,,,,
,,,,91.7,2.6,,,,,,
,,,,91.8,7.4,,,,,,
,,,,91.9,5.9,,,,,,
,,,,92.1,1.8,,,,,,
,,,,92.4,2.6,,,,,,
,,,,92.4,1.7,,,,,,
,,,,92.5,6,,,,,,
,,,,92.5,3.7,,,,,,
,,,,92.9,2,,,,,,
,,,,92.9,2.8,,,,,,
,,,,93,1.7,,,,,,
,,,,93.1,5,,,,,,
,,,,93.5,3.6,,,,,,
,,,,93.5,6.8,,,,,,
,,,,93.6,2.9,,,,,,
,,,,93.6,2.3,,,,,,
,,,,93.7,3.3,,,,,,
,,,,93.8,3.2,,,,,,
,,,,93.9,1.1,,,,,,
,,,,93.9,2.4,,,,,,
,,,,93.9,1.6,,,,,,
,,,,94,2.1,,,,,,
,,,,94.2,2.2,,,,,,
,,,,94.2,2.5,,,,,,
,,,,94.4,6.3,,,,,,
,,,,94.5,3.8,,,,,,
,,,,94.5,1.5,,,,,,
,,,,94.6,2.3,,,,,,
,,,,94.7,1.5,,,,,,
,,,,94.7,6.2,,,,,,
,,,,94.7,8.5,,,,,,
,,,,94.9,6.2,,,,,,
,,,,95,3.9,,,,,,
,,,,95,4.5,,,,,,
,,,,95.3,7,,,,,,
,,,,95.3,2,,,,,,
,,,,95.4,3.1,,,,,,
,,,,95.5,1.8,,,,,,
,,,,95.6,3.1,,,,,,
,,,,96,3.7,,,,,,
,,,,96,2.4,,,,,,
,,,,96.3,2.3,,,,,,
,,,,96.8,5.5,,,,,,
,,,,96.9,2.7,,,,,,
,,,,96.9,2.1,,,,,,
,,,,97,3,,,,,,
,,,,97,8.3,,,,,,
,,,,97.2,3,,,,,,
,,,,97.2,6.5,,,,,,
,,,,97.4,2.5,,,,,,
,,,,97.7,2.6,,,,,,
,,,,98.1,1.2,,,,,,
,,,,98.1,6.1,,,,,,
,,,,98.2,2.4,,,,,,
,,,,98.3,2.5,,,,,,
,,,,98.4,2.3,,,,,,
,,,,98.5,2.7,,,,,,
,,,,98.7,2.1,,,,,,
,,,,99,2.2,,,,,,
,,,,99.1,1.8,,,,,,
,,,,99.3,9.3,,,,,,
,,,,99.5,3.2,,,,,,
,,,,99.7,2.7,,,,,,
,,,,99.9,3.3,,,,,,
,,,,100.2,4.4,,,,,,
,,,,100.8,3.3,,,,,,
,,,,102.4,4.8,,,,,,
,,,,103.4,5.5,,,,,,
,,,,231.9,5,,,,,,
,,,,2586.9,3.9,,,,,,
,,,,86.7,8,,,,,,
,,,,92,1.7,,,,,,
,,,,92.7,3.9,,,,,,
,,,,93.2,0.9,,,,,,
,,,,93.3,1.6,,,,,,
,,,,93.8,1.4,,,,,,
,,,,94.1,4.5,,,,,,
,,,,94.3,6.2,,,,,,
,,,,94.3,2.8,,,,,,
,,,,94.6,3.4,,,,,,
,,,,94.7,4.2,,,,,,
,,,,95.5,5.5,,,,,,
,,,,95.6,3.2,,,,,,
,,,,95.7,1.8,,,,,,
,,,,95.7,2.4,,,,,,
,,,,95.8,5.5,,,,,,
,,,,96.3,5.6,,,,,,
,,,,96.3,1.9,,,,,,
,,,,96.4,2.8,,,,,,
,,,,96.5,3.2,,,,,,
,,,,96.7,2.7,,,,,,
,,,,96.7,2.5,,,,,,
,,,,96.7,2.9,,,,,,
,,,,97.3,2,,,,,,
,,,,97.7,3.4,,,,,,
,,,,98.1,1.9,,,,,,
,,,,98.3,2.3,,,,,,
,,,,98.8,3.2,,,,,,
,,,,99,5.6,,,,,,
,,,,99.3,2.8,,,,,,
,,,,99.6,8,,,,,,
,,,,99.8,2.3,,,,,,
,,,,100.1,1.7,,,,,,
,,,,101.7,3.3,,,,,,
,,,,101.8,2.4,,,,,,
,,,,102,2.4,,,,,,
,,,,102.1,1.6,,,,,,
,,,,102.5,1.9,,,,,,
,,,,103.5,5,,,,,,
,,,,106.5,8.3,,,,,,
,,,,107.9,8.7,,,,,,
,,,,109.1,10.4,,,,,,
,,,,113.8,2.5,,,,,,
,,,,114.2,4.4,,,,,,
,,,,155.9,6,,,,,,
,,,,404.2,11,,,,,,
,,,,494,5.9,,,,,,
,,,,1117.6,76.3,,,,,,
,,,,1153.5,12.2,,,,,,
,,,,1174.4,33.3,,,,,,
,,,,1206.6,15.4,,,,,,
,,,,1306.2,135.4,,,,,,
,,,,1446.7,15.6,,,,,,
,,,,1622.3,12.8,,,,,,
,,,,1628.1,18.7,,,,,,
,,,,1652,22,,,,,,
,,,,1652,72.2,,,,,,
,,,,1661.5,18,,,,,,
,,,,1674.3,19.5,,,,,,
,,,,1708.5,17.7,,,,,,
,,,,1763.6,109.7,,,,,,
,,,,1771.2,12.3,,,,,,
,,,,1776.9,24.8,,,,,,
,,,,1781.9,21.3,,,,,,
,,,,1784.2,10.3,,,,,,
,,,,1784.3,9.7,,,,,,
,,,,1785.1,18.6,,,,,,
,,,,1787.1,34,,,,,,
,,,,1788.2,8.8,,,,,,
,,,,1794.7,47.2,,,,,,
,,,,1811.2,6.5,,,,,,
,,,,1837.3,15,,,,,,
,,,,1839.1,41.3,,,,,,
,,,,1844.3,16.2,,,,,,
,,,,1856.2,10.7,,,,,,
,,,,1902.7,4.1,,,,,,
,,,,1905.6,32.7,,,,,,
,,,,1915.5,22.1,,,,,,
,,,,1983.4,5.4,,,,,,
,,,,1995.1,17.8,,,,,,
,,,,2086.7,16.5,,,,,,
,,,,2203,6.3,,,,,,
,,,,2311.2,8.6,,,,,,
,,,,2381.8,22.5,,,,,,
,,,,2454.3,7.8,,,,,,
,,,,2467.6,30,,,,,,
,,,,2484.7,9.5,,,,,,
,,,,2511.1,5.1,,,,,,
,,,,2683,5.1,,,,,,
,,,,2729.9,7.8,,,,,,
,,,,87.7,4.7,,,,,,
,,,,90.1,6.7,,,,,,
,,,,90.5,3.8,,,,,,
,,,,90.6,5.9,,,,,,
,,,,91,4.5,,,,,,
,,,,91,1.9,,,,,,
,,,,91.6,7.4,,,,,,
,,,,92.2,3.3,,,,,,
,,,,92.3,2,,,,,,
,,,,92.8,4.9,,,,,,
,,,,93.2,1.9,,,,,,
,,,,93.3,2.3,,,,,,
,,,,93.4,4.5,,,,,,
,,,,93.4,1.8,,,,,,
,,,,93.4,5.5,,,,,,
,,,,93.6,6.1,,,,,,
,,,,93.6,2.7,,,,,,
,,,,93.8,3.2,,,,,,
,,,,94,7.5,,,,,,
,,,,94.2,3.4,,,,,,
,,,,94.2,4.8,,,,,,
,,,,94.3,2.1,,,,,,
,,,,94.3,2.2,,,,,,
,,,,94.4,5.2,,,,,,
,,,,94.4,5.2,,,,,,
,,,,94.7,1.6,,,,,,
,,,,94.7,2.6,,,,,,
,,,,94.8,3,,,,,,
,,,,95.1,4.1,,,,,,
,,,,95.1,2.3,,,,,,
,,,,95.1,2.8,,,,,,
,,,,95.3,4.8,,,,,,
,,,,95.5,2.3,,,,,,
,,,,95.6,4,,,,,,
,,,,95.7,8.4,,,,,,
,,,,96,3.3,,,,,,
,,,,96,4,,,,,,
,,,,96.2,2.3,,,,,,
,,,,96.3,4.6,,,,,,
,,,,96.4,2.1,,,,,,
,,,,96.5,2.4,,,,,,
,,,,96.6,3.1,,,,,,
,,,,96.7,4.6,,,,,,
,,,,96.7,1.9,,,,,,
,,,,96.8,4,,,,,,
,,,,96.9,3.3,,,,,,
,,,,96.9,2.4,,,,,,
,,,,97,2,,,,,,
,,,,97.2,1.1,,,,,,
,,,,97.4,3.3,,,,,,
,,,,98.1,1.8,,,,,,
,,,,99,3.7,,,,,,
,,,,99.3,3.5,,,,,,
,,,,99.4,3.7,,,,,,
,,,,99.5,5.2,,,,,,
,,,,99.7,8.2,,,,,,
,,,,100,1.6,,,,,,
,,,,100,5.8,,,,,,
,,,,100.8,3.9,,,,,,
,,,,101,9,,,,,,
,,,,101.1,2.3,,,,,,
,,,,101.8,5.5,,,,,,
,,,,105.4,3.4,,,,,,
,,,,111.9,1.9,,,,,,
,,,,112.1,7,,,,,,
,,,,152.1,7.5,,,,,,
,,,,166.7,7.3,,,,,,
,,,,174.3,13.2,,,,,,
,,,,234.5,7.1,,,,,,
,,,,290.2,7.4,,,,,,
,,,,771.8,10.1,,,,,,
,,,,1090.5,165.3,,,,,,
,,,,1116,17.7,,,,,,
,,,,1152.8,41.8,,,,,,
,,,,1167.4,32.9,,,,,,
,,,,1186.6,29,,,,,,
,,,,1583.2,69.9,,,,,,
,,,,1638.4,31.3,,,,,,
,,,,1737.7,23.8,,,,,,
,,,,1768.4,13.3,,,,,,
,,,,1772.2,61.1,,,,,,
,,,,1788.4,8.3,,,,,,
,,,,1789.2,8.7,,,,,,
,,,,1789.5,14.6,,,,,,
,,,,1792.3,12.2,,,,,,
,,,,1799.9,18.8,,,,,,
,,,,1828,17.2,,,,,,
,,,,1890,37.3,,,,,,
,,,,1903.5,28.6,,,,,,
,,,,2071.5,34.2,,,,,,
,,,,2082.1,12.6,,,,,,
,,,,2084.6,13.9,,,,,,
,,,,2306.3,6.9,,,,,,
,,,,2333,17.7,,,,,,
,,,,2451.9,7.7,,,,,,
,,,,2589,17.8,,,,,,
